-- MySQL dump 10.13  Distrib 8.4.0, for Win64 (x86_64)
--
-- Host: localhost    Database: exhibition
-- ------------------------------------------------------
-- Server version	8.4.0

/*!40101 SET @OLD_CHARACTER_SET_CLIENT=@@CHARACTER_SET_CLIENT */;
/*!40101 SET @OLD_CHARACTER_SET_RESULTS=@@CHARACTER_SET_RESULTS */;
/*!40101 SET @OLD_COLLATION_CONNECTION=@@COLLATION_CONNECTION */;
/*!50503 SET NAMES utf8mb4 */;
/*!40103 SET @OLD_TIME_ZONE=@@TIME_ZONE */;
/*!40103 SET TIME_ZONE='+00:00' */;
/*!40014 SET @OLD_UNIQUE_CHECKS=@@UNIQUE_CHECKS, UNIQUE_CHECKS=0 */;
/*!40014 SET @OLD_FOREIGN_KEY_CHECKS=@@FOREIGN_KEY_CHECKS, FOREIGN_KEY_CHECKS=0 */;
/*!40101 SET @OLD_SQL_MODE=@@SQL_MODE, SQL_MODE='NO_AUTO_VALUE_ON_ZERO' */;
/*!40111 SET @OLD_SQL_NOTES=@@SQL_NOTES, SQL_NOTES=0 */;

--
-- Table structure for table `gen_table`
--

DROP TABLE IF EXISTS `gen_table`;
/*!40101 SET @saved_cs_client     = @@character_set_client */;
/*!50503 SET character_set_client = utf8mb4 */;
CREATE TABLE `gen_table` (
  `table_id` bigint NOT NULL AUTO_INCREMENT COMMENT '编号',
  `table_name` varchar(200) DEFAULT '' COMMENT '表名称',
  `table_comment` varchar(500) DEFAULT '' COMMENT '表描述',
  `sub_table_name` varchar(64) DEFAULT NULL COMMENT '关联子表的表名',
  `sub_table_fk_name` varchar(64) DEFAULT NULL COMMENT '子表关联的外键名',
  `class_name` varchar(100) DEFAULT '' COMMENT '实体类名称',
  `tpl_category` varchar(200) DEFAULT 'crud' COMMENT '使用的模板（crud单表操作 tree树表操作）',
  `tpl_web_type` varchar(30) DEFAULT '' COMMENT '前端模板类型（element-ui模版 element-plus模版）',
  `package_name` varchar(100) DEFAULT NULL COMMENT '生成包路径',
  `module_name` varchar(30) DEFAULT NULL COMMENT '生成模块名',
  `business_name` varchar(30) DEFAULT NULL COMMENT '生成业务名',
  `function_name` varchar(50) DEFAULT NULL COMMENT '生成功能名',
  `function_author` varchar(50) DEFAULT NULL COMMENT '生成功能作者',
  `gen_type` char(1) DEFAULT '0' COMMENT '生成代码方式（0zip压缩包 1自定义路径）',
  `gen_path` varchar(200) DEFAULT '/' COMMENT '生成路径（不填默认项目路径）',
  `options` varchar(1000) DEFAULT NULL COMMENT '其它生成选项',
  `create_by` varchar(64) DEFAULT '' COMMENT '创建者',
  `create_time` datetime DEFAULT NULL COMMENT '创建时间',
  `update_by` varchar(64) DEFAULT '' COMMENT '更新者',
  `update_time` datetime DEFAULT NULL COMMENT '更新时间',
  `remark` varchar(500) DEFAULT NULL COMMENT '备注',
  PRIMARY KEY (`table_id`)
) ENGINE=InnoDB AUTO_INCREMENT=7 DEFAULT CHARSET=utf8mb4 COLLATE=utf8mb4_0900_ai_ci COMMENT='代码生成业务表';
/*!40101 SET character_set_client = @saved_cs_client */;

--
-- Dumping data for table `gen_table`
--

LOCK TABLES `gen_table` WRITE;
/*!40000 ALTER TABLE `gen_table` DISABLE KEYS */;
INSERT INTO `gen_table` VALUES (1,'heritage_category','非遗分类表',NULL,NULL,'HeritageCategory','crud','element-plus','com.ruoyi.heritage','heritage','category','非遗分类','ruoyi','0','/','{\"parentMenuId\":2013}','admin','2025-12-24 23:45:20','','2025-12-25 00:00:13',NULL),(2,'heritage_item','非遗展品表',NULL,NULL,'HeritageItem','crud','element-plus','com.ruoyi.heritage','heritage','heritage_manage','非遗展品','ruoyi','0','/','{\"parentMenuId\":2013}','admin','2025-12-24 23:45:20','','2025-12-25 00:00:22',NULL),(3,'heritage_inheritor','非遗传承人主表',NULL,NULL,'HeritageInheritor','crud','element-plus','com.ruoyi.heritage','heritage','inheritor','非遗传承人','ruoyi','0','/','{\"parentMenuId\":2013}','admin','2026-01-02 16:53:16','','2026-01-02 17:28:41',NULL),(4,'heritage_audio','非遗声影共振档案表',NULL,NULL,'HeritageAudio','crud','element-plus','com.ruoyi.heritage','heritage','audio','音频档案','ruoyi','0','/','{\"parentMenuId\":2013}','admin','2026-01-31 23:13:06','','2026-01-31 23:21:31',NULL),(5,'heritage_gallery','非遗图集主表','heritage_gallery_image','gallery_id','HeritageGallery','sub','element-plus','com.ruoyi.heritage','heritage','gallery','图集管理','ruoyi','0','/','{\"parentMenuId\":2013}','admin','2026-02-01 16:16:13','','2026-02-01 16:21:51',NULL),(6,'heritage_gallery_image','非遗图集从表',NULL,NULL,'HeritageGalleryImage','crud','element-plus','com.ruoyi.heritage','heritage','image','图集从表','ruoyi','0','/','{\"parentMenuId\":0}','admin','2026-02-01 16:16:13','','2026-02-01 16:26:57',NULL);
/*!40000 ALTER TABLE `gen_table` ENABLE KEYS */;
UNLOCK TABLES;

--
-- Table structure for table `gen_table_column`
--

DROP TABLE IF EXISTS `gen_table_column`;
/*!40101 SET @saved_cs_client     = @@character_set_client */;
/*!50503 SET character_set_client = utf8mb4 */;
CREATE TABLE `gen_table_column` (
  `column_id` bigint NOT NULL AUTO_INCREMENT COMMENT '编号',
  `table_id` bigint DEFAULT NULL COMMENT '归属表编号',
  `column_name` varchar(200) DEFAULT NULL COMMENT '列名称',
  `column_comment` varchar(500) DEFAULT NULL COMMENT '列描述',
  `column_type` varchar(100) DEFAULT NULL COMMENT '列类型',
  `java_type` varchar(500) DEFAULT NULL COMMENT 'JAVA类型',
  `java_field` varchar(200) DEFAULT NULL COMMENT 'JAVA字段名',
  `is_pk` char(1) DEFAULT NULL COMMENT '是否主键（1是）',
  `is_increment` char(1) DEFAULT NULL COMMENT '是否自增（1是）',
  `is_required` char(1) DEFAULT NULL COMMENT '是否必填（1是）',
  `is_insert` char(1) DEFAULT NULL COMMENT '是否为插入字段（1是）',
  `is_edit` char(1) DEFAULT NULL COMMENT '是否编辑字段（1是）',
  `is_list` char(1) DEFAULT NULL COMMENT '是否列表字段（1是）',
  `is_query` char(1) DEFAULT NULL COMMENT '是否查询字段（1是）',
  `query_type` varchar(200) DEFAULT 'EQ' COMMENT '查询方式（等于、不等于、大于、小于、范围）',
  `html_type` varchar(200) DEFAULT NULL COMMENT '显示类型（文本框、文本域、下拉框、复选框、单选框、日期控件）',
  `dict_type` varchar(200) DEFAULT '' COMMENT '字典类型',
  `sort` int DEFAULT NULL COMMENT '排序',
  `create_by` varchar(64) DEFAULT '' COMMENT '创建者',
  `create_time` datetime DEFAULT NULL COMMENT '创建时间',
  `update_by` varchar(64) DEFAULT '' COMMENT '更新者',
  `update_time` datetime DEFAULT NULL COMMENT '更新时间',
  PRIMARY KEY (`column_id`)
) ENGINE=InnoDB AUTO_INCREMENT=67 DEFAULT CHARSET=utf8mb4 COLLATE=utf8mb4_0900_ai_ci COMMENT='代码生成业务表字段';
/*!40101 SET character_set_client = @saved_cs_client */;

--
-- Dumping data for table `gen_table_column`
--

LOCK TABLES `gen_table_column` WRITE;
/*!40000 ALTER TABLE `gen_table_column` DISABLE KEYS */;
INSERT INTO `gen_table_column` VALUES (1,1,'category_id','分类ID','bigint','Long','categoryId','1','1','0','0',NULL,NULL,NULL,'EQ','input','',1,'admin','2025-12-24 23:45:20','','2025-12-25 00:00:13'),(2,1,'category_name','分类名称','varchar(100)','String','categoryName','0','0','1','1','1','1','1','LIKE','input','',2,'admin','2025-12-24 23:45:20','','2025-12-25 00:00:13'),(3,1,'category_code','分类编码（可用于前端/接口过滤）','varchar(100)','String','categoryCode','0','0','0','1','1','1','0','EQ','input','',3,'admin','2025-12-24 23:45:20','','2025-12-25 00:00:13'),(4,1,'sort_order','显示顺序（越小越靠前）','int','Integer','sortOrder','0','0','0','1','1','1','0','EQ','input','',4,'admin','2025-12-24 23:45:20','','2025-12-25 00:00:13'),(5,1,'status','状态（0=正常,1=停用）','tinyint(1)','Integer','status','0','0','1','1','1','1','1','EQ','radio','sys_normal_disable',5,'admin','2025-12-24 23:45:20','','2025-12-25 00:00:13'),(6,1,'del_flag','删除标志（0=未删,2=已删）','char(1)','String','delFlag','0','0','0','0',NULL,NULL,NULL,'EQ','input','',6,'admin','2025-12-24 23:45:20','','2025-12-25 00:00:13'),(7,1,'remark','备注','text','String','remark','0','0','0','1','1','0',NULL,'EQ','textarea','',7,'admin','2025-12-24 23:45:20','','2025-12-25 00:00:13'),(8,1,'create_by','创建者','varchar(64)','String','createBy','0','0','0','0',NULL,NULL,NULL,'EQ','input','',8,'admin','2025-12-24 23:45:20','','2025-12-25 00:00:13'),(9,1,'create_time','创建时间','datetime','Date','createTime','0','0','0','0',NULL,'1',NULL,'EQ','datetime','',9,'admin','2025-12-24 23:45:20','','2025-12-25 00:00:13'),(10,1,'update_by','更新者','varchar(64)','String','updateBy','0','0','0','0','0',NULL,NULL,'EQ','input','',10,'admin','2025-12-24 23:45:20','','2025-12-25 00:00:13'),(11,1,'update_time','更新时间','datetime','Date','updateTime','0','0','0','0','0',NULL,NULL,'EQ','datetime','',11,'admin','2025-12-24 23:45:20','','2025-12-25 00:00:13'),(12,2,'item_id','展品ID','bigint','Long','itemId','1','1','0','0',NULL,NULL,NULL,'EQ','input','',1,'admin','2025-12-24 23:45:20','','2025-12-25 00:00:22'),(13,2,'item_name','展品名称','varchar(200)','String','itemName','0','0','1','1','1','1','1','LIKE','input','',2,'admin','2025-12-24 23:45:20','','2025-12-25 00:00:22'),(14,2,'category_id','分类ID（关联 heritage_category.category_id）','bigint','Long','categoryId','0','0','1','1','1','1','1','EQ','select','',3,'admin','2025-12-24 23:45:20','','2025-12-25 00:00:22'),(15,2,'cover_image','封面图片URL（相对路径）','varchar(500)','String','coverImage','0','0','0','1','1','1','0','EQ','imageUpload','',4,'admin','2025-12-24 23:45:20','','2025-12-25 00:00:22'),(16,2,'model_file','3D模型文件路径（.glb/.gltf 等）','varchar(500)','String','modelFile','0','0','0','1','1','0','0','EQ','fileUpload','',5,'admin','2025-12-24 23:45:20','','2025-12-25 00:00:22'),(17,2,'description','展品简介（展示用）','text','String','description','0','0','0','1','1','0','0','EQ','textarea','',6,'admin','2025-12-24 23:45:20','','2025-12-25 00:00:22'),(18,2,'history','历史渊源','text','String','history','0','0','0','1','1','0','0','EQ','editor','',7,'admin','2025-12-24 23:45:20','','2025-12-25 00:00:22'),(19,2,'craft','制作工艺','text','String','craft','0','0','0','1','1','0','0','EQ','editor','',8,'admin','2025-12-24 23:45:20','','2025-12-25 00:00:22'),(20,2,'view_count','浏览次数','int unsigned','Integer','viewCount','0','0','0','0','0','1','0','EQ',NULL,'',9,'admin','2025-12-24 23:45:20','','2025-12-25 00:00:22'),(21,2,'like_count','点赞数','int unsigned','Integer','likeCount','0','0','0','0','0','1','0','EQ',NULL,'',10,'admin','2025-12-24 23:45:20','','2025-12-25 00:00:22'),(22,2,'is_recommend','是否推荐（0否,1是）','tinyint(1)','Integer','isRecommend','0','0','0','1','1','1','0','EQ','radio','sys_yes_no',11,'admin','2025-12-24 23:45:20','','2025-12-25 00:00:22'),(23,2,'status','状态（0正常,1下架）','tinyint(1)','Integer','status','0','0','0','1','1','1','1','EQ','radio','sys_normal_disable',12,'admin','2025-12-24 23:45:20','','2025-12-25 00:00:22'),(24,2,'del_flag','删除标志（0=未删,2=已删）','char(1)','String','delFlag','0','0','0','0',NULL,NULL,NULL,'EQ','input','',13,'admin','2025-12-24 23:45:20','','2025-12-25 00:00:22'),(25,2,'sort_order','显示顺序','int','Long','sortOrder','0','0','0','1','1','0','0','EQ','input','',14,'admin','2025-12-24 23:45:20','','2025-12-25 00:00:22'),(26,2,'remark','备注','text','String','remark','0','0','0','1','1','0',NULL,'EQ','textarea','',15,'admin','2025-12-24 23:45:20','','2025-12-25 00:00:22'),(27,2,'create_by','创建者','varchar(64)','String','createBy','0','0','0','0',NULL,NULL,NULL,'EQ','input','',16,'admin','2025-12-24 23:45:20','','2025-12-25 00:00:22'),(28,2,'create_time','创建时间','datetime','Date','createTime','0','0','0','0',NULL,'1',NULL,'EQ','datetime','',17,'admin','2025-12-24 23:45:20','','2025-12-25 00:00:22'),(29,2,'update_by','更新者','varchar(64)','String','updateBy','0','0','0','0','0',NULL,NULL,'EQ','input','',18,'admin','2025-12-24 23:45:20','','2025-12-25 00:00:22'),(30,2,'update_time','更新时间','datetime','Date','updateTime','0','0','0','0','0',NULL,NULL,'EQ','datetime','',19,'admin','2025-12-24 23:45:20','','2025-12-25 00:00:22'),(31,3,'inheritor_id','传承人ID','bigint','Long','inheritorId','1','1','0','0',NULL,NULL,NULL,'EQ','input','',1,'admin','2026-01-02 16:53:16','','2026-01-02 17:28:41'),(32,3,'name','姓名','varchar(100)','String','name','0','0','1','1','1','1','1','LIKE','input','',2,'admin','2026-01-02 16:53:16','','2026-01-02 17:28:41'),(33,3,'avatar','个人照片','varchar(500)','String','avatar','0','0','0','1','1','1','0','EQ','imageUpload','',3,'admin','2026-01-02 16:53:16','','2026-01-02 17:28:41'),(34,3,'level','级别（1国家级 2省级 3市级 4县级）','char(1)','String','level','0','0','1','1','1','1','1','EQ','select','heritage_level',4,'admin','2026-01-02 16:53:16','','2026-01-02 17:28:41'),(35,3,'category_id','所属技艺分类ID（关联 heritage_category）','bigint','Long','categoryId','0','0','1','1','1','1','1','EQ','select','',5,'admin','2026-01-02 16:53:16','','2026-01-02 17:28:41'),(36,3,'introduction','个人简介','text','String','introduction','0','0','0','1','1','1','0','EQ','editor','',6,'admin','2026-01-02 16:53:16','','2026-01-02 17:28:41'),(37,3,'status','状态','char(1)','String','status','0','0','0','1','1','1','1','EQ','radio','sys_normal_disable',7,'admin','2026-01-02 16:53:16','','2026-01-02 17:28:41'),(38,3,'del_flag','删除标志','char(1)','String','delFlag','0','0','0','0',NULL,NULL,NULL,'EQ','input','',8,'admin','2026-01-02 16:53:16','','2026-01-02 17:28:41'),(39,3,'create_by','创建者','varchar(64)','String','createBy','0','0','0','0',NULL,'0',NULL,'EQ','input','',9,'admin','2026-01-02 16:53:16','','2026-01-02 17:28:41'),(40,3,'create_time','创建时间','datetime','Date','createTime','0','0','0','0',NULL,'1',NULL,'EQ','datetime','',10,'admin','2026-01-02 16:53:16','','2026-01-02 17:28:41'),(41,3,'update_time','更新时间','datetime','Date','updateTime','0','0','0','0','0',NULL,NULL,'EQ','datetime','',11,'admin','2026-01-02 16:53:16','','2026-01-02 17:28:41'),(42,4,'audio_id','音频ID','bigint','Long','audioId','1','1','0','0',NULL,NULL,NULL,'EQ','input','',1,'admin','2026-01-31 23:13:06','','2026-01-31 23:21:31'),(43,4,'title','音频标题','varchar(100)','String','title','0','0','1','1','1','1','1','EQ','input','',2,'admin','2026-01-31 23:13:06','','2026-01-31 23:21:31'),(44,4,'audio_url','音频文件路径','varchar(500)','String','audioUrl','0','0','1','1','1','0','0','EQ','fileUpload','',3,'admin','2026-01-31 23:13:06','','2026-01-31 23:21:31'),(45,4,'item_id','关联展品ID (用于调取3D模型)','bigint','Long','itemId','0','0','1','1','1','1','1','EQ','select','',4,'admin','2026-01-31 23:13:06','','2026-01-31 23:21:31'),(46,4,'waveform_data','预生成的波形数据 (JSON字符串)','text','String','waveformData','0','0','0','0','1','0','0','EQ','textarea','',5,'admin','2026-01-31 23:13:06','','2026-01-31 23:21:31'),(47,4,'description','内容解析/唱词','text','String','description','0','0','0','1','1','0','0','EQ','textarea','',6,'admin','2026-01-31 23:13:06','','2026-01-31 23:21:31'),(48,4,'status','状态 (0正常 1待审核 2下架)','char(1)','String','status','0','0','0','1','1','1','1','EQ','radio','heritage_audit_status',7,'admin','2026-01-31 23:13:06','','2026-01-31 23:21:31'),(49,4,'del_flag','删除标志','char(1)','String','delFlag','0','0','0','1',NULL,NULL,NULL,'EQ','input','',8,'admin','2026-01-31 23:13:06','','2026-01-31 23:21:31'),(50,4,'create_by','创建者','varchar(64)','String','createBy','0','0','0','0',NULL,'1',NULL,'EQ','input','',9,'admin','2026-01-31 23:13:06','','2026-01-31 23:21:31'),(51,4,'create_time','创建时间','datetime','Date','createTime','0','0','0','0',NULL,'1',NULL,'EQ','datetime','',10,'admin','2026-01-31 23:13:06','','2026-01-31 23:21:31'),(52,4,'update_by',NULL,'varchar(64)','String','updateBy','0','0','0','0','0','0',NULL,'EQ','input','',11,'admin','2026-01-31 23:13:06','','2026-01-31 23:21:31'),(53,4,'update_time',NULL,'datetime','Date','updateTime','0','0','0','0','0','0',NULL,'EQ','datetime','',12,'admin','2026-01-31 23:13:06','','2026-01-31 23:21:31'),(54,5,'gallery_id',NULL,'bigint','Long','galleryId','1','1','0','0',NULL,NULL,NULL,'EQ','input','',1,'admin','2026-02-01 16:16:13','','2026-02-01 16:21:51'),(55,5,'title','图集标题','varchar(100)','String','title','0','0','1','1','1','1','1','LIKE','input','',2,'admin','2026-02-01 16:16:13','','2026-02-01 16:21:51'),(56,5,'cover_url','封面图','varchar(500)','String','coverUrl','0','0','1','1','1','1','0','EQ','imageUpload','',3,'admin','2026-02-01 16:16:13','','2026-02-01 16:21:51'),(57,5,'description','导语','text','String','description','0','0','0','1','1','0','0','EQ','textarea','',4,'admin','2026-02-01 16:16:13','','2026-02-01 16:21:51'),(58,5,'status','状态','char(1)','String','status','0','0','0','1','1','1','1','EQ','radio','sys_normal_disable',5,'admin','2026-02-01 16:16:13','','2026-02-01 16:21:51'),(59,5,'del_flag',NULL,'char(1)','String','delFlag','0','0','0','1',NULL,NULL,NULL,'EQ','input','',6,'admin','2026-02-01 16:16:13','','2026-02-01 16:21:51'),(60,5,'create_by',NULL,'varchar(64)','String','createBy','0','0','0','0',NULL,NULL,NULL,'EQ','input','',7,'admin','2026-02-01 16:16:13','','2026-02-01 16:21:51'),(61,5,'create_time',NULL,'datetime','Date','createTime','0','0','0','0',NULL,'1',NULL,'EQ','datetime','',8,'admin','2026-02-01 16:16:13','','2026-02-01 16:21:51'),(62,6,'image_id',NULL,'bigint','Long','imageId','1','1','0','0',NULL,NULL,NULL,'EQ','input','',1,'admin','2026-02-01 16:16:13','','2026-02-01 16:26:57'),(63,6,'gallery_id','关联主表ID','bigint','Long','galleryId','0','0','1','1','1','1','1','EQ','input','',2,'admin','2026-02-01 16:16:13','','2026-02-01 16:26:57'),(64,6,'image_url','图片路径','varchar(500)','String','imageUrl','0','0','1','1','1','1','0','EQ','imageUpload','',3,'admin','2026-02-01 16:16:13','','2026-02-01 16:26:57'),(65,6,'caption','图片说明','varchar(200)','String','caption','0','0','0','1','1','1','0','EQ','input','',4,'admin','2026-02-01 16:16:13','','2026-02-01 16:26:57'),(66,6,'sort_order','排序','int','Long','sortOrder','0','0','0','1','1','0','0','EQ','input','',5,'admin','2026-02-01 16:16:13','','2026-02-01 16:26:57');
/*!40000 ALTER TABLE `gen_table_column` ENABLE KEYS */;
UNLOCK TABLES;

--
-- Table structure for table `heritage_audio`
--

DROP TABLE IF EXISTS `heritage_audio`;
/*!40101 SET @saved_cs_client     = @@character_set_client */;
/*!50503 SET character_set_client = utf8mb4 */;
CREATE TABLE `heritage_audio` (
  `audio_id` bigint NOT NULL AUTO_INCREMENT COMMENT '音频ID',
  `title` varchar(100) NOT NULL COMMENT '音频标题',
  `audio_url` varchar(500) NOT NULL COMMENT '音频文件路径',
  `item_id` bigint NOT NULL COMMENT '关联展品ID (用于调取3D模型)',
  `waveform_data` text COMMENT '预生成的波形数据 (JSON字符串)',
  `description` text COMMENT '内容解析/唱词',
  `status` char(1) DEFAULT '0' COMMENT '状态 (0正常 1待审核 2下架)',
  `del_flag` char(1) DEFAULT '0' COMMENT '删除标志',
  `create_by` varchar(64) DEFAULT '' COMMENT '创建者',
  `create_time` datetime DEFAULT CURRENT_TIMESTAMP COMMENT '创建时间',
  `update_by` varchar(64) DEFAULT '',
  `update_time` datetime DEFAULT CURRENT_TIMESTAMP ON UPDATE CURRENT_TIMESTAMP,
  PRIMARY KEY (`audio_id`),
  KEY `idx_item_id` (`item_id`)
) ENGINE=InnoDB AUTO_INCREMENT=2 DEFAULT CHARSET=utf8mb4 COLLATE=utf8mb4_0900_ai_ci COMMENT='非遗声影共振档案表';
/*!40101 SET character_set_client = @saved_cs_client */;

--
-- Dumping data for table `heritage_audio`
--

LOCK TABLES `heritage_audio` WRITE;
/*!40000 ALTER TABLE `heritage_audio` DISABLE KEYS */;
INSERT INTO `heritage_audio` VALUES (1,'白族三道茶','/profile/upload/2026/02/01/晓晴 - 白族三道茶_L_20260201001023A001.ogg',6,NULL,'白族三道茶 - 晓晴 (张兴萍)\n词：晓晴\n曲：晓晴\n\n云南白家三道茶\n历史悠悠茶文化\n头苦二甜三回味\n美好祝愿孕茶中\n\n云南白家三道茶\n求学经商论婚嫁\n迎宾喜庆不可少\n待客交友礼仪到\n\n白水烧开砂罐烤\n茶叶放入罐中烧\n色如琥珀扑鼻香\n半杯苦茶腹中藏\n\n红糖乳山和桂皮\n茶汤煮好八分满\n酸甜苦辣味俱全\n先苦后甜是人间\n\n白水烧开砂罐烤\n茶叶放入罐中烧\n色如琥珀扑鼻香\n半杯苦茶腹中藏\n\n红糖乳山和桂皮\n茶汤煮好八分满\n酸甜苦辣味俱全\n先苦后甜是人间','0','0','admin','2026-02-01 00:14:35','','2026-02-01 00:14:34');
/*!40000 ALTER TABLE `heritage_audio` ENABLE KEYS */;
UNLOCK TABLES;

--
-- Table structure for table `heritage_category`
--

DROP TABLE IF EXISTS `heritage_category`;
/*!40101 SET @saved_cs_client     = @@character_set_client */;
/*!50503 SET character_set_client = utf8mb4 */;
CREATE TABLE `heritage_category` (
  `category_id` bigint NOT NULL AUTO_INCREMENT COMMENT '分类ID',
  `parent_id` bigint DEFAULT '0' COMMENT '父分类ID（0为顶级大类）',
  `category_name` varchar(100) COLLATE utf8mb4_unicode_ci NOT NULL COMMENT '分类名称',
  `category_code` varchar(100) COLLATE utf8mb4_unicode_ci DEFAULT NULL COMMENT '分类编码（可用于前端/接口过滤）',
  `sort_order` int DEFAULT '0' COMMENT '显示顺序（越小越靠前）',
  `status` tinyint(1) DEFAULT '0' COMMENT '状态（0=正常,1=停用）',
  `del_flag` char(1) COLLATE utf8mb4_unicode_ci DEFAULT '0' COMMENT '删除标志（0=未删,2=已删）',
  `remark` text COLLATE utf8mb4_unicode_ci COMMENT '备注',
  `create_by` varchar(64) COLLATE utf8mb4_unicode_ci DEFAULT '' COMMENT '创建者',
  `create_time` datetime DEFAULT CURRENT_TIMESTAMP COMMENT '创建时间',
  `update_by` varchar(64) COLLATE utf8mb4_unicode_ci DEFAULT '' COMMENT '更新者',
  `update_time` datetime DEFAULT CURRENT_TIMESTAMP ON UPDATE CURRENT_TIMESTAMP COMMENT '更新时间',
  PRIMARY KEY (`category_id`),
  UNIQUE KEY `uk_category_code` (`category_code`),
  KEY `idx_parent_id` (`parent_id`)
) ENGINE=InnoDB AUTO_INCREMENT=46 DEFAULT CHARSET=utf8mb4 COLLATE=utf8mb4_unicode_ci COMMENT='非遗分类表';
/*!40101 SET character_set_client = @saved_cs_client */;

--
-- Dumping data for table `heritage_category`
--

LOCK TABLES `heritage_category` WRITE;
/*!40000 ALTER TABLE `heritage_category` DISABLE KEYS */;
INSERT INTO `heritage_category` VALUES (1,0,'传统技艺','CRAFT',1,0,'0',NULL,'','2026-01-02 23:36:47','','2026-01-02 23:36:47'),(2,0,'传统服饰','CLOTH',2,0,'0',NULL,'','2026-01-02 23:36:47','','2026-01-02 23:36:47'),(3,0,'传统建筑','ARCH',3,0,'0',NULL,'','2026-01-02 23:36:47','','2026-01-02 23:36:47'),(4,0,'民俗活动','FOLK',4,0,'0',NULL,'','2026-01-02 23:36:47','','2026-01-02 23:36:47'),(10,1,'白族扎染','CRAFT_ZR',1,0,'0',NULL,'','2026-01-02 23:36:47','','2026-01-03 00:54:09'),(11,1,'剑川木雕','CRAFT_MD',2,0,'0',NULL,'','2026-01-02 23:36:47','','2026-01-03 00:54:13'),(12,1,'鹤庆银器','CRAFT_YQ',3,0,'0',NULL,'','2026-01-02 23:36:47','','2026-01-03 00:54:44'),(13,1,'白族土陶','CRAFT_TT',4,0,'0',NULL,'','2026-01-02 23:36:47','','2026-01-03 00:54:48'),(14,1,'白族漆器','CRAFT_QQ',5,0,'0',NULL,'','2026-01-02 23:36:47','','2026-01-03 00:54:40'),(15,4,'白族三道茶','FOLK_SDC',6,0,'0',NULL,'','2026-01-02 23:36:47','','2026-01-03 13:48:03'),(20,2,'白族服饰','CLOTH_FS',1,0,'0',NULL,'','2026-01-02 23:36:47','','2026-01-03 00:55:02'),(21,2,'白族头饰','CLOTH_TS',2,0,'0',NULL,'','2026-01-02 23:36:47','','2026-01-03 00:55:07'),(22,2,'白族刺绣','CLOTH_CX',3,0,'0',NULL,'','2026-01-02 23:36:47','','2026-01-03 00:55:11'),(30,3,'白族民居','ARCH_MJ',1,0,'0',NULL,'','2026-01-02 23:36:47','','2026-01-03 00:55:32'),(31,3,'白族门楼','ARCH_ML',2,0,'0',NULL,'','2026-01-02 23:36:47','','2026-01-03 00:55:35'),(32,3,'大理三塔','ARCH_ST',3,0,'0',NULL,'','2026-01-02 23:36:47','','2026-01-03 00:55:39'),(40,4,'白族三月街','FOLK_SYJ',1,0,'0',NULL,'','2026-01-02 23:36:48','','2026-01-02 23:36:48'),(41,4,'白族绕三灵','FOLK_RSL',2,0,'0',NULL,'','2026-01-02 23:36:48','','2026-01-02 23:36:48'),(43,4,'白族本主崇拜','FOLK_BZCB',3,0,'0',NULL,'','2026-01-02 23:36:48','','2026-01-02 23:36:48'),(44,4,'白族大本曲','FOLK_DBQ',4,0,'0',NULL,'','2026-01-03 14:32:57','','2026-01-03 14:34:40'),(45,1,'小吃制作','CRAFT_XC',6,0,'0',NULL,'','2026-01-03 14:38:12','','2026-01-03 14:38:59');
/*!40000 ALTER TABLE `heritage_category` ENABLE KEYS */;
UNLOCK TABLES;

--
-- Table structure for table `heritage_comment`
--

DROP TABLE IF EXISTS `heritage_comment`;
/*!40101 SET @saved_cs_client     = @@character_set_client */;
/*!50503 SET character_set_client = utf8mb4 */;
CREATE TABLE `heritage_comment` (
  `comment_id` bigint NOT NULL AUTO_INCREMENT COMMENT '评论ID',
  `item_id` bigint NOT NULL COMMENT '非遗展品ID',
  `user_id` bigint NOT NULL COMMENT '用户ID',
  `parent_id` bigint DEFAULT NULL COMMENT '父评论ID(用于回复，预留)',
  `content` varchar(500) DEFAULT NULL COMMENT '评论内容',
  `create_time` datetime DEFAULT NULL COMMENT '创建时间',
  `del_flag` char(1) DEFAULT '0' COMMENT '删除标志（0代表存在 2代表删除）',
  PRIMARY KEY (`comment_id`)
) ENGINE=InnoDB AUTO_INCREMENT=3 DEFAULT CHARSET=utf8mb4 COLLATE=utf8mb4_0900_ai_ci COMMENT='非遗展品评论表';
/*!40101 SET character_set_client = @saved_cs_client */;

--
-- Dumping data for table `heritage_comment`
--

LOCK TABLES `heritage_comment` WRITE;
/*!40000 ALTER TABLE `heritage_comment` DISABLE KEYS */;
INSERT INTO `heritage_comment` VALUES (1,4,1,NULL,'1','2025-12-29 15:12:04','0'),(2,5,1,NULL,'111','2025-12-31 00:14:33','0');
/*!40000 ALTER TABLE `heritage_comment` ENABLE KEYS */;
UNLOCK TABLES;

--
-- Table structure for table `heritage_gallery`
--

DROP TABLE IF EXISTS `heritage_gallery`;
/*!40101 SET @saved_cs_client     = @@character_set_client */;
/*!50503 SET character_set_client = utf8mb4 */;
CREATE TABLE `heritage_gallery` (
  `gallery_id` bigint NOT NULL AUTO_INCREMENT,
  `title` varchar(100) NOT NULL COMMENT '图集标题',
  `cover_url` varchar(500) NOT NULL COMMENT '封面图',
  `description` text COMMENT '导语',
  `status` char(1) DEFAULT '0' COMMENT '状态',
  `del_flag` char(1) DEFAULT '0',
  `create_by` varchar(64) DEFAULT '',
  `create_time` datetime DEFAULT CURRENT_TIMESTAMP,
  PRIMARY KEY (`gallery_id`)
) ENGINE=InnoDB AUTO_INCREMENT=2 DEFAULT CHARSET=utf8mb4 COLLATE=utf8mb4_0900_ai_ci COMMENT='非遗图集主表';
/*!40101 SET character_set_client = @saved_cs_client */;

--
-- Dumping data for table `heritage_gallery`
--

LOCK TABLES `heritage_gallery` WRITE;
/*!40000 ALTER TABLE `heritage_gallery` DISABLE KEYS */;
INSERT INTO `heritage_gallery` VALUES (1,'test','/profile/upload/2026/02/01/book_20260201170409A005.png','test','0','0','','2026-02-01 17:04:41');
/*!40000 ALTER TABLE `heritage_gallery` ENABLE KEYS */;
UNLOCK TABLES;

--
-- Table structure for table `heritage_gallery_image`
--

DROP TABLE IF EXISTS `heritage_gallery_image`;
/*!40101 SET @saved_cs_client     = @@character_set_client */;
/*!50503 SET character_set_client = utf8mb4 */;
CREATE TABLE `heritage_gallery_image` (
  `image_id` bigint NOT NULL AUTO_INCREMENT,
  `gallery_id` bigint NOT NULL COMMENT '关联主表ID',
  `image_url` varchar(500) NOT NULL COMMENT '图片路径',
  `caption` varchar(200) DEFAULT NULL COMMENT '图片说明',
  `sort_order` int DEFAULT '0' COMMENT '排序',
  PRIMARY KEY (`image_id`)
) ENGINE=InnoDB AUTO_INCREMENT=4 DEFAULT CHARSET=utf8mb4 COLLATE=utf8mb4_0900_ai_ci COMMENT='非遗图集从表';
/*!40101 SET character_set_client = @saved_cs_client */;

--
-- Dumping data for table `heritage_gallery_image`
--

LOCK TABLES `heritage_gallery_image` WRITE;
/*!40000 ALTER TABLE `heritage_gallery_image` DISABLE KEYS */;
INSERT INTO `heritage_gallery_image` VALUES (1,1,'/profile/upload/2026/02/01/服饰01_20260201170422A006.jpg','1',NULL),(2,1,'/profile/upload/2026/02/01/建筑03_20260201170431A007.jpg','2',NULL),(3,1,'/profile/upload/2026/02/01/建筑05_20260201170438A008.png','3',NULL);
/*!40000 ALTER TABLE `heritage_gallery_image` ENABLE KEYS */;
UNLOCK TABLES;

--
-- Table structure for table `heritage_inheritor`
--

DROP TABLE IF EXISTS `heritage_inheritor`;
/*!40101 SET @saved_cs_client     = @@character_set_client */;
/*!50503 SET character_set_client = utf8mb4 */;
CREATE TABLE `heritage_inheritor` (
  `inheritor_id` bigint NOT NULL AUTO_INCREMENT COMMENT '传承人ID',
  `name` varchar(100) NOT NULL COMMENT '姓名',
  `avatar` varchar(500) DEFAULT NULL COMMENT '个人照片',
  `level` char(1) NOT NULL COMMENT '级别（1国家级 2省级 3市级 4县级）',
  `category_id` bigint NOT NULL COMMENT '所属技艺分类ID（关联 heritage_category）',
  `introduction` text COMMENT '个人简介',
  `status` char(1) DEFAULT '0' COMMENT '状态（0在世 1去世）',
  `del_flag` char(1) DEFAULT '0' COMMENT '删除标志',
  `create_by` varchar(64) DEFAULT '' COMMENT '创建者',
  `create_time` datetime DEFAULT CURRENT_TIMESTAMP COMMENT '创建时间',
  `update_time` datetime DEFAULT CURRENT_TIMESTAMP ON UPDATE CURRENT_TIMESTAMP COMMENT '更新时间',
  PRIMARY KEY (`inheritor_id`),
  KEY `idx_category_id` (`category_id`)
) ENGINE=InnoDB AUTO_INCREMENT=14 DEFAULT CHARSET=utf8mb4 COLLATE=utf8mb4_0900_ai_ci COMMENT='非遗传承人主表';
/*!40101 SET character_set_client = @saved_cs_client */;

--
-- Dumping data for table `heritage_inheritor`
--

LOCK TABLES `heritage_inheritor` WRITE;
/*!40000 ALTER TABLE `heritage_inheritor` DISABLE KEYS */;
INSERT INTO `heritage_inheritor` VALUES (1,'	段银开',NULL,'1',10,'<p>专精 “扎”，创新 100 余种针法，重建璞真染坊</p>','0','0','','2026-01-03 13:26:22','2026-01-03 13:26:22'),(2,'段树坤',NULL,'2',10,'<div class=\"ql-code-block-container\" spellcheck=\"false\"><div class=\"ql-code-block\" data-language=\"plain\">专注 “染”，开发天然染料，拓展扎染色彩</div></div><p><br></p>','0','0','','2026-01-03 14:25:24','2026-01-03 14:25:24'),(3,'张翰敏',NULL,'3',10,'<div class=\"ql-code-block-container\" spellcheck=\"false\"><div class=\"ql-code-block\" data-language=\"plain\">蓝续创始人，打造沉浸式扎染体验 </div></div><p><br></p>','0','0','','2026-01-03 14:26:27','2026-01-03 14:26:27'),(4,'张亚辉',NULL,'1',44,'<div class=\"ql-code-block-container\" spellcheck=\"false\"><div class=\"ql-code-block\" data-language=\"plain\">大理市白族，传承大本曲说唱艺术</div></div><p><br></p>','0','0','','2026-01-03 14:27:09','2026-01-03 14:27:09'),(5,'杨振华',NULL,'1',44,'<div class=\"ql-code-block-container\" spellcheck=\"false\"><div class=\"ql-code-block\" data-language=\"plain\">大理市白族，致力于大本曲传承推广</div></div><p><br></p>','0','0','','2026-01-03 14:35:20','2026-01-03 14:35:20'),(6,'段四兴',NULL,'1',11,'<div class=\"ql-code-block-container\" spellcheck=\"false\"><div class=\"ql-code-block\" data-language=\"plain\">剑川县白族，木雕技艺精湛，推动传统木雕创新</div></div><p><br></p>','0','0','','2026-01-03 14:35:41','2026-01-03 14:35:41'),(7,'杨文焕',NULL,'2',22,'<div class=\"ql-code-block-container\" spellcheck=\"false\"><div class=\"ql-code-block\" data-language=\"plain\">首创十二生肖童帽，还原多款传统帽饰，带动 200 余人传承</div></div><p><br></p>','0','0','','2026-01-03 14:36:04','2026-01-03 14:36:04'),(8,'赵丕鼎',NULL,'1',41,'<div class=\"ql-code-block-container\" spellcheck=\"false\"><div class=\"ql-code-block\" data-language=\"plain\">大理市白族，非遗传承推广优秀个人</div></div><p><br></p>','0','0','','2026-01-03 14:36:28','2026-01-03 14:36:28'),(9,'杨琼',NULL,'3',45,'<div class=\"ql-code-block-container\" spellcheck=\"false\"><div class=\"ql-code-block\" data-language=\"plain\">小吃制作技艺（乳扇制作技艺），上关镇江尾村，制作乳扇经验丰富</div></div><p><br></p>','0','0','','2026-01-03 14:37:12','2026-01-03 14:37:12'),(10,'刘丽湖',NULL,'2',10,'<div class=\"ql-code-block-container\" spellcheck=\"false\"><div class=\"ql-code-block\" data-language=\"plain\">白族布扎技艺代表性传承人</div></div><p><br></p>','0','0','','2026-01-03 14:39:48','2026-01-03 14:39:48'),(11,'董志明',NULL,'2',13,'<div class=\"ql-code-block-container\" spellcheck=\"false\"><div class=\"ql-code-block\" data-language=\"plain\">传承剑川白族土陶烧制技艺</div></div><p><br></p>','0','0','','2026-01-03 14:40:13','2026-01-03 14:40:13'),(12,'李树坤',NULL,'2',12,'<div class=\"ql-code-block-container\" spellcheck=\"false\"><div class=\"ql-code-block\" data-language=\"plain\">传承鹤庆白族银器锻制技艺</div></div><p><br></p>','0','0','','2026-01-03 14:40:39','2026-01-03 14:40:39'),(13,'张恩兰',NULL,'4',22,'<div class=\"ql-code-block-container\" spellcheck=\"false\"><div class=\"ql-code-block\" data-language=\"plain\">宾川萂村，教授白族挎包刺绣等</div></div><p><br></p>','0','0','','2026-01-03 14:41:51','2026-01-03 14:41:51');
/*!40000 ALTER TABLE `heritage_inheritor` ENABLE KEYS */;
UNLOCK TABLES;

--
-- Table structure for table `heritage_item`
--

DROP TABLE IF EXISTS `heritage_item`;
/*!40101 SET @saved_cs_client     = @@character_set_client */;
/*!50503 SET character_set_client = utf8mb4 */;
CREATE TABLE `heritage_item` (
  `item_id` bigint NOT NULL AUTO_INCREMENT COMMENT '展品ID',
  `item_name` varchar(200) COLLATE utf8mb4_unicode_ci NOT NULL COMMENT '展品名称',
  `category_id` bigint NOT NULL COMMENT '分类ID（关联 heritage_category.category_id）',
  `cover_image` varchar(500) COLLATE utf8mb4_unicode_ci DEFAULT NULL COMMENT '封面图片URL（相对路径）',
  `model_file` varchar(500) COLLATE utf8mb4_unicode_ci DEFAULT NULL COMMENT '3D模型文件路径（.glb/.gltf 等）',
  `description` text COLLATE utf8mb4_unicode_ci COMMENT '展品简介（展示用）',
  `history` text COLLATE utf8mb4_unicode_ci COMMENT '历史渊源',
  `craft` text COLLATE utf8mb4_unicode_ci COMMENT '制作工艺',
  `view_count` int unsigned NOT NULL DEFAULT '0' COMMENT '浏览次数',
  `like_count` int unsigned NOT NULL DEFAULT '0' COMMENT '点赞数',
  `favorite_count` int unsigned NOT NULL DEFAULT '0' COMMENT '收藏数',
  `comment_count` bigint DEFAULT '0' COMMENT '评论数量',
  `status` tinyint(1) DEFAULT '0' COMMENT '状态（0正常,1下架）',
  `del_flag` char(1) COLLATE utf8mb4_unicode_ci DEFAULT '0' COMMENT '删除标志（0=未删,2=已删）',
  `sort_order` int DEFAULT '0' COMMENT '显示顺序',
  `remark` text COLLATE utf8mb4_unicode_ci COMMENT '备注',
  `create_by` varchar(64) COLLATE utf8mb4_unicode_ci DEFAULT '' COMMENT '创建者',
  `create_time` datetime DEFAULT CURRENT_TIMESTAMP COMMENT '创建时间',
  `update_by` varchar(64) COLLATE utf8mb4_unicode_ci DEFAULT '' COMMENT '更新者',
  `update_time` datetime DEFAULT CURRENT_TIMESTAMP ON UPDATE CURRENT_TIMESTAMP COMMENT '更新时间',
  `reject_reason` varchar(500) COLLATE utf8mb4_unicode_ci DEFAULT NULL COMMENT '审核驳回原因',
  PRIMARY KEY (`item_id`),
  KEY `idx_category_id` (`category_id`),
  KEY `idx_status` (`status`),
  KEY `idx_cat_status_sort` (`category_id`,`status`,`sort_order`),
  KEY `idx_favorite_count` (`favorite_count`),
  KEY `idx_view_count` (`view_count`)
) ENGINE=InnoDB AUTO_INCREMENT=20 DEFAULT CHARSET=utf8mb4 COLLATE=utf8mb4_unicode_ci COMMENT='非遗展品表';
/*!40101 SET character_set_client = @saved_cs_client */;

--
-- Dumping data for table `heritage_item`
--

LOCK TABLES `heritage_item` WRITE;
/*!40000 ALTER TABLE `heritage_item` DISABLE KEYS */;
INSERT INTO `heritage_item` VALUES (2,'白族服饰',20,'/profile/upload/2025/12/26/服饰01_20251226163540A003.jpg','/profile/upload/2025/12/31/people_20251231130545A001.glb','白族传统服饰以白色为基调，搭配蓝、黑、红等色彩纹样，风格清新雅致，既体现 “白族” 尚白的文化传统，又融合了地域审美与生活实用性。','<p><span style=\"background-color: rgb(255, 255, 255); color: rgb(0, 0, 0);\">白族传统服饰的风格脉络，深深植根于其民族发展的漫长进程中，最早可追溯至先秦时期的 “滇僰” 族群服饰遗风 —— 彼时滇中地区的土著族群已形成 “衣麻披葛、尚素色” 的着装特点，这一偏好也成为后世白族 “尚白” 文化的雏形。到南诏国（738-902 年）与大理国（937-1253 年）时期，白族服饰迎来了风格定型的关键阶段：一方面，南诏王室与中原王朝的频繁交流，让中原服饰的交领、右衽、宽袖等剪裁元素融入白族服饰，例如女性上衣的 “右衽大襟” 款式，便与唐代中原女子常服有着明显的传承关联；另一方面，大理国 “政教合一” 的文化氛围，让佛教元素开始渗透到服饰细节中，部分服饰纹样中出现的 “莲花、卷草” 等图案，正是当时佛教盛行的视觉投射。</span></p><p><span style=\"background-color: rgb(255, 255, 255); color: rgb(0, 0, 0);\">宋元至明清时期，白族服饰在地域文化的沉淀中进一步细化：明代推行 “改土归流” 政策后，中原纺织技艺（如棉纺、丝绣）传入白族聚居区，使得服饰的面料从传统麻料拓展为棉、丝混纺，装饰工艺也从简单的印染发展出更精细的 “盘绣”“扣绣”；而清代白族与周边彝族、纳西族的贸易往来，又让服饰配色中融入了彝族的 “红褐”、纳西族的 “青黑” 等色调，形成了 “白为底、彩为饰” 的经典搭配逻辑。</span></p><p><span style=\"background-color: rgb(255, 255, 255); color: rgb(0, 0, 0);\">近现代以来，白族服饰虽受现代服装影响出现简化款式，但核心元素始终得以保留：例如男性的 “白色对襟褂子”，其版型仍延续了南诏时期 “短褐窄袖” 的实用设计（便于田间劳作）；女性的 “绣花围裙” 则传承了大理国时期的刺绣工艺，纹样中 “苍山雪、洱海月” 的地域符号，更是白族对自身生存环境的文化隐喻 —— 可以说，白族服饰的每一处款式、配色与纹样，都是其民族历史、文化信仰与生活方式层层叠加的 “视觉档案”。</span></p><p><br></p>','<p><span style=\"background-color: rgb(255, 255, 255); color: rgb(0, 0, 0);\">采用</span><strong style=\"background-color: rgb(255, 255, 255); color: rgb(0, 0, 0);\">手工缝制</strong><span style=\"background-color: rgb(255, 255, 255); color: rgb(0, 0, 0);\">为核心工艺，辅以白族特色的</span><strong style=\"background-color: rgb(255, 255, 255); color: rgb(0, 0, 0);\">扎染、刺绣</strong><span style=\"background-color: rgb(255, 255, 255); color: rgb(0, 0, 0);\">技法：</span></p><ol><li data-list=\"bullet\"><span class=\"ql-ui\" contenteditable=\"false\"></span><span style=\"background-color: rgb(255, 255, 255); color: rgb(0, 0, 0);\">扎染：通过纱、线等工具捆扎布料后染色，形成蓝白相间的自然纹理；</span></li><li data-list=\"bullet\"><span class=\"ql-ui\" contenteditable=\"false\"></span><span style=\"background-color: rgb(255, 255, 255); color: rgb(0, 0, 0);\">刺绣：多以花鸟、几何纹样为主题，用细密针法装饰领口、袖口等部位，兼具装饰性与耐用性。</span></li></ol><p><br></p>',11,1,0,0,0,'0',1,NULL,'admin','2025-12-24 23:10:31','','2026-01-03 00:17:42',NULL),(3,'白族木雕',11,'/profile/upload/2025/12/26/木雕01_20251226163657A004.jpg','/profile/upload/2025/12/27/wood_20251227000914A001.glb','✨ 一木一世界，雕刻白族魂。\n本展品是“木雕之乡”剑川的代表作。采用顶级香樟木，通过多层透雕技艺刻画了一位温婉的白族少女。作品将传统民族服饰与现代雕塑审美融合，是研究白族民俗与木艺美学的重要数字资产。🪵','<p>📜 <strong>千年技艺的时光沉淀</strong></p><ol><li data-list=\"bullet\"><span class=\"ql-ui\" contenteditable=\"false\"></span><strong>南诏遗风</strong> 🏔️：起源于唐代，作为南诏与大理国时期的宫廷御用技艺，距今已有 1000 多年历史。</li><li data-list=\"bullet\"><span class=\"ql-ui\" contenteditable=\"false\"></span><strong>文化交融</strong> 🤝：它不仅保留了白族原始的图腾崇拜，还深度融合了中原汉族的建筑木作工艺，是“南方丝绸之路”文化交流的结晶。</li><li data-list=\"bullet\"><span class=\"ql-ui\" contenteditable=\"false\"></span><strong>木匠之乡</strong> 🏛️：剑川木匠自古闻名，曾负责营造故宫、天坛等皇家建筑的精细部件，民间素有“雕刻之魂在剑川”的美誉。</li><li data-list=\"bullet\"><span class=\"ql-ui\" contenteditable=\"false\"></span><strong>艺术地位</strong> 🏆：2006 年被列入首批国家级非物质文化遗产名录，成为中华民族建筑与美学的活化石。</li></ol>','<p>🔨 <strong>匠心独运的五大秘法</strong></p><ol><li data-list=\"ordered\"><span class=\"ql-ui\" contenteditable=\"false\"></span><strong>选材观纹</strong> 🌲：</li><li data-list=\"ordered\"><span class=\"ql-ui\" contenteditable=\"false\"></span>严格选取大理高海拔地区的<strong>古香樟木</strong>。木材需经“三干三湿”的自然老化处理，确保木性稳定，且自带一种能够防虫避邪的淡淡清香。</li><li data-list=\"ordered\"><span class=\"ql-ui\" contenteditable=\"false\"></span><strong>白描定魂</strong> 🖋️：</li><li data-list=\"ordered\"><span class=\"ql-ui\" contenteditable=\"false\"></span>老艺人不需图纸，直接在木料上进行“胸有成竹”的构图。每一笔都避开木材的结疤，顺应纹理，确定神态。</li><li data-list=\"ordered\"><span class=\"ql-ui\" contenteditable=\"false\"></span><strong>粗坯开山</strong> 🪚：</li><li data-list=\"ordered\"><span class=\"ql-ui\" contenteditable=\"false\"></span>使用大号凿子进行“减法艺术”。将多余木块切除，确立作品的空间比例，此时已能看出白族服饰飘逸的轮廓感。</li><li data-list=\"ordered\"><span class=\"ql-ui\" contenteditable=\"false\"></span><strong>多层透雕</strong> 🪡：</li><li data-list=\"ordered\"><span class=\"ql-ui\" contenteditable=\"false\"></span><strong>这是最惊艳的一步！</strong> 艺人要在不到 2 厘米的深度内，雕刻出 3 到 5 层重叠的图案。头饰上的每一朵花瓣、衣襟上的每一根丝线，都由细如毫发的雕刀刻划而成。</li><li data-list=\"ordered\"><span class=\"ql-ui\" contenteditable=\"false\"></span><strong>手工推光</strong> 💎：</li><li data-list=\"ordered\"><span class=\"ql-ui\" contenteditable=\"false\"></span>拒绝化学漆料。完全依靠天然草木灰和多号棉布进行数万次的物理摩擦，使原木产生一种油脂般的莹润光泽，触感如玉，温润入心。</li></ol>',61,1,2,0,0,'0',1,NULL,'admin','2025-12-26 16:37:47','','2026-03-24 22:06:32',NULL),(4,'白族扎染',10,'/profile/upload/2025/12/26/扎染02_20251226163808A005.jpg',NULL,'白族扎染','<p>白族扎染</p>','<p>白族扎染</p>',7,0,0,1,0,'0',1,NULL,'admin','2025-12-26 16:38:19','','2026-01-27 19:28:26',NULL),(5,'白族三合院',30,'/profile/upload/2025/12/26/民居01_20251226165546A006.jpg','/profile/upload/2025/12/30/三合院_20251230160755A004.glb','🏛️ 白族三合院，又称“三坊一照壁”，是大理白族民居建筑艺术的精髓。它由三座正房和一面装饰精美的照壁围合而成，形成了“封闭而不死、敞亮而不散”的独特空间。\n其特色在于“白墙青瓦、木雕彩绘”，不仅防风防震，更通过照壁将洱海的晨曦反射进院落。这不仅是白族先民对自然环境的智慧适应，更是中华建筑美学中“天人合一”的生动体现。✨','<p>白族三合院的形成历史悠久，是一部浓缩的南诏与大理国文化交融史：</p><ol><li data-list=\"bullet\"><span class=\"ql-ui\" contenteditable=\"false\"></span><strong>起源与萌芽（唐宋时期）：</strong> 📜</li><li data-list=\"bullet\"><span class=\"ql-ui\" contenteditable=\"false\"></span>早在<strong>南诏国</strong>时期，白族先民受到中原唐代建筑风格的影响，开始从原始的干栏式建筑向土木结构院落转型。随着大理国的建立，这种格局逐渐固定，形成了最初的“坊”式结构。</li><li data-list=\"bullet\"><span class=\"ql-ui\" contenteditable=\"false\"></span><strong>演进与定型（明清时代）：</strong> 🏺</li><li data-list=\"bullet\"><span class=\"ql-ui\" contenteditable=\"false\"></span>明代“中原移民”潮带来了江淮地区的民居理念，白族工匠将其与大理多风、多震的地理环境结合。为了抵挡苍山吹来的劲风，白族人创新性地发明了**“照壁”**。到了清代，三合院的装饰工艺（尤其是木雕和泥塑）达到了鼎盛，成为了社会地位和家族荣耀的象征。</li><li data-list=\"bullet\"><span class=\"ql-ui\" contenteditable=\"false\"></span><strong>地理基因：</strong> 🏔️</li><li data-list=\"bullet\"><span class=\"ql-ui\" contenteditable=\"false\"></span>大理地处苍山之麓、洱海之滨。三合院通常坐西向东或坐北向南，正房对着照壁。由于大理多西风，照壁能有效阻挡风沙；而当太阳西下时，雪白的照壁又能将阳光折射回阴暗的正房，营造出“金碧辉煌”的采光效果，这就是著名的**“照壁回光”**。</li><li data-list=\"bullet\"><span class=\"ql-ui\" contenteditable=\"false\"></span><strong>文化象征：</strong> 🧧</li><li data-list=\"bullet\"><span class=\"ql-ui\" contenteditable=\"false\"></span>每一座三合院的照壁上通常刻有“清白传家”、“紫气东来”或“琴鹤家声”等字样，这反映了白族人民对儒家礼教的崇尚以及对先祖美德的传承。2008年，**“白族民居建筑技艺”**被列入国家级非物质文化遗产名录。</li></ol><p><br></p>','<p>白族三合院的建造过程被誉为“木石与色彩的交响乐”：</p><ol><li data-list=\"ordered\"><span class=\"ql-ui\" contenteditable=\"false\"></span><strong>土木结构（榫卯技术）：</strong> 🏗️</li><li data-list=\"ordered\"><span class=\"ql-ui\" contenteditable=\"false\"></span>全屋采用上好的杉木或栗木，不露一颗钉子，完全依靠**榫卯（Sǔn Mǎo）**结构咬合。这种结构具有极佳的韧性，使建筑在大理的多震带上稳如泰山。</li><li data-list=\"ordered\"><span class=\"ql-ui\" contenteditable=\"false\"></span><strong>三雕一绘（装饰灵魂）：</strong> 🎨</li><li data-list=\"bullet\" class=\"ql-indent-1\"><span class=\"ql-ui\" contenteditable=\"false\"></span><strong>木雕：</strong> 门窗格心常采用五层透雕，刻画麒麟、凤凰及花卉。</li><li data-list=\"bullet\" class=\"ql-indent-1\"><span class=\"ql-ui\" contenteditable=\"false\"></span><strong>石雕：</strong> 柱础和阶石选用大理石（苍山石），坚固且纹路优雅。</li><li data-list=\"bullet\" class=\"ql-indent-1\"><span class=\"ql-ui\" contenteditable=\"false\"></span><strong>泥塑与彩绘：</strong> 在照壁和檐口处进行水墨彩绘，形成“素雅如画”的视觉风格。</li><li data-list=\"ordered\"><span class=\"ql-ui\" contenteditable=\"false\"></span><strong>照壁工艺：</strong> 墙体采用青砖封砌，表面抹以白灰，并在正中书写家训或绘上山水画，工艺极尽考究。🖌️</li></ol>',63,2,2,1,0,'0',0,NULL,'admin','2025-12-26 16:56:01','','2026-03-30 10:08:53',NULL),(6,'三道茶',15,'/profile/upload/2025/12/26/三道茶_20251226170846A007.jpg','/profile/upload/2026/02/01/book_20260201003710A002.glb','三道茶','<p>三道茶</p>','<p>三道茶</p>',19,2,1,0,0,'0',1,NULL,'admin','2025-12-26 17:09:15','','2026-02-01 00:37:12',NULL),(7,'建筑',30,'/profile/upload/2025/12/26/建筑02_20251226170948A008.jpg','/profile/upload/2025/12/27/architecture_20251227222905A001.glb','白族传统建筑是大理风花雪月里的 “凝固诗画”✨！以 “三坊一照壁”“四合五天井” 为经典布局，白墙黛瓦配雕花门楼，既有江南的雅致，又藏着大理的烟火气，是民族美学与生活智慧的完美融合～','<p><span style=\"background-color: rgb(255, 255, 255); color: rgb(0, 0, 0);\">白族传统建筑的基因，是中原礼制与西南边地风情在苍山洱海边的千年织就。</span></p><p><span style=\"background-color: rgb(255, 255, 255); color: rgb(0, 0, 0);\">南诏国鼎盛之时（公元 8 世纪），伴随唐王朝的文化输出，中原 “中轴线院落” 的规制翻越秦岭，与白族先民的 “干栏式巢居” 相遇 —— 彼时的建筑虽以夯土为基、原木为架，却已埋下 “天人共生” 的伏笔：房屋依山势而建，坡顶顺应西南季风，天井承接苍山融雪，既保留了部落时代对自然的敬畏，又初显中原建筑的秩序之美。</span></p><p><span style=\"background-color: rgb(255, 255, 255); color: rgb(0, 0, 0);\">宋元以降，大理成为 “茶马古道” 与 “南方丝绸之路” 的交汇节点，商贸的繁荣让建筑美学迎来质变：白族望族开始效仿江南园林的 “移步换景”，在院落中增设 “照壁”—— 这堵墙并非单纯的隔断，而是 “藏风聚气” 的载体，壁面题字 “清白传家”，既呼应了白族尚白的审美，也暗合中原 “耕读传家” 的文脉。至明清，建筑工艺趋于极致：门楼的 “三滴水” 造型（三层错落的飞檐），糅合了唐代建筑的舒展与白族银饰的精巧；“粉墙画壁” 的矿物彩绘，以孔雀蓝、朱砂红铺就山水，将《张胜温画卷》的诗意刻进了民居的肌理。</span></p><p><span style=\"background-color: rgb(255, 255, 255); color: rgb(0, 0, 0);\">更动人的是它的 “活态传承”：近代以来，哪怕钢筋水泥涌入大理，白族民居仍坚守 “三坊一照壁” 的骨架 —— 只是将传统木窗替换为隔热玻璃，把天井的石砌水槽改成暗藏的排水管道。千年建筑形制里，始终装着当代人的烟火：老人在照壁下晒茶，年轻人在天井里围炉，那些雕花的木梁与新贴的瓷砖，共同写就了 “传统不陈旧，新生不疏离” 的民族生活史诗。</span></p><p><br></p>','<h4><span style=\"background-color: rgb(255, 255, 255); color: rgb(0, 0, 0);\">1. 院落营构：山水间的秩序美学</span></h4><p><span style=\"background-color: rgb(255, 255, 255); color: rgb(0, 0, 0);\">白族建筑以 “三坊一照壁” 为核心形制，其营造暗合 “天圆地方” 的哲思：三栋坐北朝南的 “坊屋” 沿中轴线对称排布，围合出方形天井；空缺的一面立起照壁，既补全了空间的 “围合感”，又借壁面反射天光，让院落即便深居巷陌也明亮如昼。其结构以 “榫卯木架” 为骨：柱与梁以 “燕尾榫” 咬合，不用一钉却能承载百年风雨 —— 如正房的横梁，一头削作燕尾状的凸榫，另一头立柱凿出对应的凹槽，榫头入槽后，再以木楔加固，受力越重，咬合越紧，恰如白族文化里 “共生相携” 的处世智慧。</span></p><h4><span style=\"background-color: rgb(255, 255, 255); color: rgb(0, 0, 0);\">2. 粉墙画壁：时光磨不灭的留白与浓彩</span></h4><p><span style=\"background-color: rgb(255, 255, 255); color: rgb(0, 0, 0);\">“白墙” 是白族建筑的灵魂底色，其工艺堪称 “土木间的炼金术”：取苍山生石灰，以糯米浆、红糖汁拌匀，经 “三抹三晾” 的工序敷于墙面 —— 初抹以粗灰打底，二抹以细灰找平，三抹以 “纸筋灰”（草纸捣碎拌灰）收面，每一层都需晾晒至干透，最终形成的墙面白如凝脂，经风历雨数十年而不皲裂。墙绘则是白墙之上的诗意注脚：画师以矿物颜料为墨，取松烟、朱砂、石青入色，绘山水、花鸟、典故于壁 —— 如照壁中央常绘 “松鹤延年”，边角配 “竹影横斜”，颜料经苍山矿物研磨而成，日光下历百年而不褪色，恰似白族文化里 “历久弥新” 的传承底色。</span></p><h4><span style=\"background-color: rgb(255, 255, 255); color: rgb(0, 0, 0);\">3. 木作瓦艺：细节里的实用与浪漫</span></h4><ol><li data-list=\"bullet\"><span class=\"ql-ui\" contenteditable=\"false\"></span><strong style=\"background-color: rgb(255, 255, 255); color: rgb(0, 0, 0);\">门窗雕饰</strong><span style=\"background-color: rgb(255, 255, 255); color: rgb(0, 0, 0);\">：选滇西硬木（椿木、楠木）为材，经 “透雕打底、浮雕描形、线雕勾纹” 三法而成：先以凿子镂空木料，透出背后的光影（透雕）；再以刻刀让花纹凸起于木面（浮雕）；最后以细刃勾出花瓣脉络、鸟羽纹理（线雕）。雕成后刷以桐油，既让木质防潮防腐，又让纹理在光线下愈显温润，每一扇窗都是可触摸的 “立体诗”。</span></li><li data-list=\"bullet\"><span class=\"ql-ui\" contenteditable=\"false\"></span><strong style=\"background-color: rgb(255, 255, 255); color: rgb(0, 0, 0);\">瓦顶营造</strong><span style=\"background-color: rgb(255, 255, 255); color: rgb(0, 0, 0);\">：以 “筒瓦覆脊、板瓦铺面” 为法：半圆的筒瓦顺屋脊排列，形成排水的 “主渠道”；平展的板瓦沿坡面叠铺，缝隙以灰泥填实 —— 最精巧处是 “翘角”：屋顶檐角处的瓦件向上弯翘，既让建筑形如振翅的飞鸟，又让雨水经翘角导流，落于院落之外，是美学与实用的完美共生。</span></li></ol><p><br></p>',19,1,0,0,0,'0',1,NULL,'admin','2025-12-26 17:10:12','','2026-01-27 19:16:32',NULL),(8,'木雕',11,'/profile/upload/2025/12/26/木雕02_20251226171042A009.jpg',NULL,'木雕','<p>木雕</p>','<p>木雕</p>',24,1,1,0,0,'0',1,NULL,'admin','2025-12-26 17:10:57','','2026-01-27 19:16:30',NULL),(9,'建筑',30,'/profile/upload/2025/12/26/建筑03_20251226171115A010.jpg','/profile/upload/2025/12/30/照壁_20251230160740A003.glb','白族建筑','<p>白族建筑</p>','<p>白族建筑</p>',8,1,2,0,0,'0',1,NULL,'admin','2025-12-26 17:11:37','','2026-01-27 19:34:26',NULL),(10,'白族银胎鎏金茶具',12,'/profile/upload/2025/12/27/R-C_20251227232239A003.jpg','/profile/upload/2025/12/27/teacup_20251227232545A004.glb','这是白族传统金属工艺制品，以银为胎、鎏金饰纹，杯身常刻有白族特色的花鸟、几何纹样，兼具实用功能与民族艺术美感，是白族待客礼仪与工艺技艺结合的代表器物。','<p><span style=\"background-color: rgb(255, 255, 255); color: rgba(0, 0, 0, 0.85);\">白族金属制器技艺可追溯至南诏时期，当时已出现银器锻造工艺；明清时期，随着白族与中原、东南亚的贸易往来，鎏金技法传入并与本土银器工艺融合，银胎鎏金茶具开始成为贵族与商绅的待客用具；近现代以来，这种茶具既保留了传统纹样的文化符号，也在器型上融入了更贴合日常使用的设计，是白族金属工艺传承与演变的实物体现。</span></p>','<p><span style=\"background-color: rgb(255, 255, 255); color: rgb(0, 0, 0);\">核心工艺流程为：</span></p><ol><li data-list=\"ordered\"><span class=\"ql-ui\" contenteditable=\"false\"></span><strong style=\"background-color: rgb(255, 255, 255); color: rgb(0, 0, 0);\">制胎塑形</strong><span style=\"background-color: rgb(255, 255, 255); color: rgb(0, 0, 0);\">：以纯银熔铸、捶打为薄胎杯身，通过模具或手工调整器型；</span></li><li data-list=\"ordered\"><span class=\"ql-ui\" contenteditable=\"false\"></span><strong style=\"background-color: rgb(255, 255, 255); color: rgb(0, 0, 0);\">鎏金装饰</strong><span style=\"background-color: rgb(255, 255, 255); color: rgb(0, 0, 0);\">：将金汞合金均匀涂抹于杯身纹样区域，经高温烘烤使汞蒸发，金层附着于银胎表面；</span></li><li data-list=\"ordered\"><span class=\"ql-ui\" contenteditable=\"false\"></span><strong style=\"background-color: rgb(255, 255, 255); color: rgb(0, 0, 0);\">錾刻纹样</strong><span style=\"background-color: rgb(255, 255, 255); color: rgb(0, 0, 0);\">：用錾子在杯身、杯沿雕刻白族特色的 “山茶花、洱海波纹” 等图案，部分会辅以镂空工艺增加层次；</span></li><li data-list=\"ordered\"><span class=\"ql-ui\" contenteditable=\"false\"></span><strong style=\"background-color: rgb(255, 255, 255); color: rgb(0, 0, 0);\">抛光打磨</strong><span style=\"background-color: rgb(255, 255, 255); color: rgb(0, 0, 0);\">：用玛瑙刀等工具抛光表面，使银胎与鎏金部分光泽协调，提升质感。</span></li></ol><p><br></p>',6,1,1,0,0,'0',1,NULL,'admin','2025-12-27 23:25:49','','2026-01-03 13:40:41',NULL),(11,'民居',30,'/profile/upload/2025/12/29/建筑05_20251229190314A001.png',NULL,'民居','<p>民居</p>','<p>民居</p>',2,1,0,0,0,'0',1,NULL,'admin','2025-12-29 19:03:34','','2026-01-03 00:17:42',NULL);
/*!40000 ALTER TABLE `heritage_item` ENABLE KEYS */;
UNLOCK TABLES;

--
-- Table structure for table `heritage_user_action`
--

DROP TABLE IF EXISTS `heritage_user_action`;
/*!40101 SET @saved_cs_client     = @@character_set_client */;
/*!50503 SET character_set_client = utf8mb4 */;
CREATE TABLE `heritage_user_action` (
  `action_id` bigint NOT NULL AUTO_INCREMENT COMMENT '主键ID',
  `user_id` bigint NOT NULL COMMENT '用户ID',
  `item_id` bigint NOT NULL COMMENT '展品ID',
  `action_type` tinyint(1) NOT NULL COMMENT '动作类型: 1-点赞, 2-收藏',
  `create_time` datetime DEFAULT CURRENT_TIMESTAMP COMMENT '操作时间',
  PRIMARY KEY (`action_id`),
  UNIQUE KEY `uk_user_item_type` (`user_id`,`item_id`,`action_type`)
) ENGINE=InnoDB AUTO_INCREMENT=53 DEFAULT CHARSET=utf8mb4 COLLATE=utf8mb4_0900_ai_ci COMMENT='用户点赞收藏记录表';
/*!40101 SET character_set_client = @saved_cs_client */;

--
-- Dumping data for table `heritage_user_action`
--

LOCK TABLES `heritage_user_action` WRITE;
/*!40000 ALTER TABLE `heritage_user_action` DISABLE KEYS */;
INSERT INTO `heritage_user_action` VALUES (24,1,6,2,'2025-12-27 19:02:45'),(26,1,8,3,'2025-12-27 19:12:59'),(28,1,8,2,'2025-12-27 21:56:35'),(35,1,7,2,'2025-12-29 17:52:29'),(37,1,5,2,'2025-12-30 16:11:20'),(39,1,9,3,'2025-12-30 16:39:16'),(40,1,11,2,'2025-12-30 17:22:15'),(41,1,10,3,'2025-12-30 23:36:01'),(42,1,10,2,'2025-12-30 23:36:29'),(43,1,2,2,'2025-12-30 23:37:38'),(44,100,6,2,'2026-01-27 19:14:40'),(45,100,6,3,'2026-01-27 19:14:42'),(46,100,9,2,'2026-01-27 19:15:38'),(47,100,9,3,'2026-01-27 19:15:38'),(49,1,5,3,'2026-03-24 22:06:01'),(50,1,3,3,'2026-03-24 22:06:31'),(51,100,5,2,'2026-03-30 10:08:52'),(52,100,5,3,'2026-03-30 10:08:53');
/*!40000 ALTER TABLE `heritage_user_action` ENABLE KEYS */;
UNLOCK TABLES;

--
-- Table structure for table `sys_config`
--

DROP TABLE IF EXISTS `sys_config`;
/*!40101 SET @saved_cs_client     = @@character_set_client */;
/*!50503 SET character_set_client = utf8mb4 */;
CREATE TABLE `sys_config` (
  `config_id` int NOT NULL AUTO_INCREMENT COMMENT '参数主键',
  `config_name` varchar(100) DEFAULT '' COMMENT '参数名称',
  `config_key` varchar(100) DEFAULT '' COMMENT '参数键名',
  `config_value` varchar(500) DEFAULT '' COMMENT '参数键值',
  `config_type` char(1) DEFAULT 'N' COMMENT '系统内置（Y是 N否）',
  `create_by` varchar(64) DEFAULT '' COMMENT '创建者',
  `create_time` datetime DEFAULT NULL COMMENT '创建时间',
  `update_by` varchar(64) DEFAULT '' COMMENT '更新者',
  `update_time` datetime DEFAULT NULL COMMENT '更新时间',
  `remark` varchar(500) DEFAULT NULL COMMENT '备注',
  PRIMARY KEY (`config_id`)
) ENGINE=InnoDB AUTO_INCREMENT=100 DEFAULT CHARSET=utf8mb4 COLLATE=utf8mb4_0900_ai_ci COMMENT='参数配置表';
/*!40101 SET character_set_client = @saved_cs_client */;

--
-- Dumping data for table `sys_config`
--

LOCK TABLES `sys_config` WRITE;
/*!40000 ALTER TABLE `sys_config` DISABLE KEYS */;
INSERT INTO `sys_config` VALUES (1,'主框架页-默认皮肤样式名称','sys.index.skinName','skin-blue','Y','admin','2025-12-24 23:39:35','',NULL,'蓝色 skin-blue、绿色 skin-green、紫色 skin-purple、红色 skin-red、黄色 skin-yellow'),(2,'用户管理-账号初始密码','sys.user.initPassword','123456','Y','admin','2025-12-24 23:39:35','',NULL,'初始化密码 123456'),(3,'主框架页-侧边栏主题','sys.index.sideTheme','theme-dark','Y','admin','2025-12-24 23:39:35','',NULL,'深色主题theme-dark，浅色主题theme-light'),(4,'账号自助-验证码开关','sys.account.captchaEnabled','true','Y','admin','2025-12-24 23:39:35','admin','2026-01-03 15:55:38','是否开启验证码功能（true开启，false关闭）'),(5,'账号自助-是否开启用户注册功能','sys.account.registerUser','true','Y','admin','2025-12-24 23:39:35','admin','2026-01-03 15:54:00','是否开启注册用户功能（true开启，false关闭）'),(6,'用户登录-黑名单列表','sys.login.blackIPList','','Y','admin','2025-12-24 23:39:35','',NULL,'设置登录IP黑名单限制，多个匹配项以;分隔，支持匹配（*通配、网段）'),(7,'用户管理-初始密码修改策略','sys.account.initPasswordModify','1','Y','admin','2025-12-24 23:39:35','',NULL,'0：初始密码修改策略关闭，没有任何提示，1：提醒用户，如果未修改初始密码，则在登录时就会提醒修改密码对话框'),(8,'用户管理-账号密码更新周期','sys.account.passwordValidateDays','0','Y','admin','2025-12-24 23:39:35','',NULL,'密码更新周期（填写数字，数据初始化值为0不限制，若修改必须为大于0小于365的正整数），如果超过这个周期登录系统时，则在登录时就会提醒修改密码对话框');
/*!40000 ALTER TABLE `sys_config` ENABLE KEYS */;
UNLOCK TABLES;

--
-- Table structure for table `sys_dept`
--

DROP TABLE IF EXISTS `sys_dept`;
/*!40101 SET @saved_cs_client     = @@character_set_client */;
/*!50503 SET character_set_client = utf8mb4 */;
CREATE TABLE `sys_dept` (
  `dept_id` bigint NOT NULL AUTO_INCREMENT COMMENT '部门id',
  `parent_id` bigint DEFAULT '0' COMMENT '父部门id',
  `ancestors` varchar(50) DEFAULT '' COMMENT '祖级列表',
  `dept_name` varchar(30) DEFAULT '' COMMENT '部门名称',
  `order_num` int DEFAULT '0' COMMENT '显示顺序',
  `leader` varchar(20) DEFAULT NULL COMMENT '负责人',
  `phone` varchar(11) DEFAULT NULL COMMENT '联系电话',
  `email` varchar(50) DEFAULT NULL COMMENT '邮箱',
  `status` char(1) DEFAULT '0' COMMENT '部门状态（0正常 1停用）',
  `del_flag` char(1) DEFAULT '0' COMMENT '删除标志（0代表存在 2代表删除）',
  `create_by` varchar(64) DEFAULT '' COMMENT '创建者',
  `create_time` datetime DEFAULT NULL COMMENT '创建时间',
  `update_by` varchar(64) DEFAULT '' COMMENT '更新者',
  `update_time` datetime DEFAULT NULL COMMENT '更新时间',
  PRIMARY KEY (`dept_id`)
) ENGINE=InnoDB AUTO_INCREMENT=200 DEFAULT CHARSET=utf8mb4 COLLATE=utf8mb4_0900_ai_ci COMMENT='部门表';
/*!40101 SET character_set_client = @saved_cs_client */;

--
-- Dumping data for table `sys_dept`
--

LOCK TABLES `sys_dept` WRITE;
/*!40000 ALTER TABLE `sys_dept` DISABLE KEYS */;
INSERT INTO `sys_dept` VALUES (100,0,'0','若依科技',0,'若依','15888888888','ry@qq.com','0','0','admin','2025-12-24 23:39:31','',NULL),(101,100,'0,100','深圳总公司',1,'若依','15888888888','ry@qq.com','0','0','admin','2025-12-24 23:39:31','',NULL),(102,100,'0,100','长沙分公司',2,'若依','15888888888','ry@qq.com','0','0','admin','2025-12-24 23:39:31','',NULL),(103,101,'0,100,101','研发部门',1,'若依','15888888888','ry@qq.com','0','0','admin','2025-12-24 23:39:31','',NULL),(104,101,'0,100,101','市场部门',2,'若依','15888888888','ry@qq.com','0','0','admin','2025-12-24 23:39:31','',NULL),(105,101,'0,100,101','测试部门',3,'若依','15888888888','ry@qq.com','0','0','admin','2025-12-24 23:39:31','',NULL),(106,101,'0,100,101','财务部门',4,'若依','15888888888','ry@qq.com','0','0','admin','2025-12-24 23:39:31','',NULL),(107,101,'0,100,101','运维部门',5,'若依','15888888888','ry@qq.com','0','0','admin','2025-12-24 23:39:31','',NULL),(108,102,'0,100,102','市场部门',1,'若依','15888888888','ry@qq.com','0','0','admin','2025-12-24 23:39:31','',NULL),(109,102,'0,100,102','财务部门',2,'若依','15888888888','ry@qq.com','0','0','admin','2025-12-24 23:39:31','',NULL);
/*!40000 ALTER TABLE `sys_dept` ENABLE KEYS */;
UNLOCK TABLES;

--
-- Table structure for table `sys_dict_data`
--

DROP TABLE IF EXISTS `sys_dict_data`;
/*!40101 SET @saved_cs_client     = @@character_set_client */;
/*!50503 SET character_set_client = utf8mb4 */;
CREATE TABLE `sys_dict_data` (
  `dict_code` bigint NOT NULL AUTO_INCREMENT COMMENT '字典编码',
  `dict_sort` int DEFAULT '0' COMMENT '字典排序',
  `dict_label` varchar(100) DEFAULT '' COMMENT '字典标签',
  `dict_value` varchar(100) DEFAULT '' COMMENT '字典键值',
  `dict_type` varchar(100) DEFAULT '' COMMENT '字典类型',
  `css_class` varchar(100) DEFAULT NULL COMMENT '样式属性（其他样式扩展）',
  `list_class` varchar(100) DEFAULT NULL COMMENT '表格回显样式',
  `is_default` char(1) DEFAULT 'N' COMMENT '是否默认（Y是 N否）',
  `status` char(1) DEFAULT '0' COMMENT '状态（0正常 1停用）',
  `create_by` varchar(64) DEFAULT '' COMMENT '创建者',
  `create_time` datetime DEFAULT NULL COMMENT '创建时间',
  `update_by` varchar(64) DEFAULT '' COMMENT '更新者',
  `update_time` datetime DEFAULT NULL COMMENT '更新时间',
  `remark` varchar(500) DEFAULT NULL COMMENT '备注',
  PRIMARY KEY (`dict_code`)
) ENGINE=InnoDB AUTO_INCREMENT=109 DEFAULT CHARSET=utf8mb4 COLLATE=utf8mb4_0900_ai_ci COMMENT='字典数据表';
/*!40101 SET character_set_client = @saved_cs_client */;

--
-- Dumping data for table `sys_dict_data`
--

LOCK TABLES `sys_dict_data` WRITE;
/*!40000 ALTER TABLE `sys_dict_data` DISABLE KEYS */;
INSERT INTO `sys_dict_data` VALUES (1,1,'男','0','sys_user_sex','','','Y','0','admin','2025-12-24 23:39:34','',NULL,'性别男'),(2,2,'女','1','sys_user_sex','','','N','0','admin','2025-12-24 23:39:34','',NULL,'性别女'),(3,3,'未知','2','sys_user_sex','','','N','0','admin','2025-12-24 23:39:34','',NULL,'性别未知'),(4,1,'显示','0','sys_show_hide','','primary','Y','0','admin','2025-12-24 23:39:34','',NULL,'显示菜单'),(5,2,'隐藏','1','sys_show_hide','','danger','N','0','admin','2025-12-24 23:39:34','',NULL,'隐藏菜单'),(6,1,'正常','0','sys_normal_disable','','primary','Y','0','admin','2025-12-24 23:39:34','admin','2026-01-25 21:29:43','正常状态'),(7,2,'停用','1','sys_normal_disable','','info','N','0','admin','2025-12-24 23:39:34','admin','2026-01-25 21:30:01','待审核状态'),(8,1,'正常','0','sys_job_status','','primary','Y','0','admin','2025-12-24 23:39:34','',NULL,'正常状态'),(9,2,'暂停','1','sys_job_status','','danger','N','0','admin','2025-12-24 23:39:34','',NULL,'停用状态'),(10,1,'默认','DEFAULT','sys_job_group','','','Y','0','admin','2025-12-24 23:39:34','',NULL,'默认分组'),(11,2,'系统','SYSTEM','sys_job_group','','','N','0','admin','2025-12-24 23:39:34','',NULL,'系统分组'),(12,1,'是','Y','sys_yes_no','','primary','Y','0','admin','2025-12-24 23:39:34','',NULL,'系统默认是'),(13,2,'否','N','sys_yes_no','','danger','N','0','admin','2025-12-24 23:39:34','',NULL,'系统默认否'),(14,1,'通知','1','sys_notice_type','','warning','Y','0','admin','2025-12-24 23:39:34','',NULL,'通知'),(15,2,'公告','2','sys_notice_type','','success','N','0','admin','2025-12-24 23:39:34','',NULL,'公告'),(16,1,'正常','0','sys_notice_status','','primary','Y','0','admin','2025-12-24 23:39:34','',NULL,'正常状态'),(17,2,'关闭','1','sys_notice_status','','danger','N','0','admin','2025-12-24 23:39:34','',NULL,'关闭状态'),(18,99,'其他','0','sys_oper_type','','info','N','0','admin','2025-12-24 23:39:34','',NULL,'其他操作'),(19,1,'新增','1','sys_oper_type','','info','N','0','admin','2025-12-24 23:39:34','',NULL,'新增操作'),(20,2,'修改','2','sys_oper_type','','info','N','0','admin','2025-12-24 23:39:34','',NULL,'修改操作'),(21,3,'删除','3','sys_oper_type','','danger','N','0','admin','2025-12-24 23:39:34','',NULL,'删除操作'),(22,4,'授权','4','sys_oper_type','','primary','N','0','admin','2025-12-24 23:39:34','',NULL,'授权操作'),(23,5,'导出','5','sys_oper_type','','warning','N','0','admin','2025-12-24 23:39:34','',NULL,'导出操作'),(24,6,'导入','6','sys_oper_type','','warning','N','0','admin','2025-12-24 23:39:35','',NULL,'导入操作'),(25,7,'强退','7','sys_oper_type','','danger','N','0','admin','2025-12-24 23:39:35','',NULL,'强退操作'),(26,8,'生成代码','8','sys_oper_type','','warning','N','0','admin','2025-12-24 23:39:35','',NULL,'生成操作'),(27,9,'清空数据','9','sys_oper_type','','danger','N','0','admin','2025-12-24 23:39:35','',NULL,'清空操作'),(28,1,'成功','0','sys_common_status','','primary','N','0','admin','2025-12-24 23:39:35','',NULL,'正常状态'),(29,2,'失败','1','sys_common_status','','danger','N','0','admin','2025-12-24 23:39:35','',NULL,'停用状态'),(100,1,'国家级','1','heritage_level',NULL,'danger','N','0','admin','2026-01-02 17:08:50','',NULL,'非遗最高级别称号'),(101,2,'省级','2','heritage_level',NULL,'warning','N','0','admin','2026-01-02 17:09:18','',NULL,NULL),(102,3,'市级','3','heritage_level',NULL,'success','N','0','admin','2026-01-02 17:09:45','',NULL,NULL),(103,4,'县级','4','heritage_level',NULL,'info','N','0','admin','2026-01-02 17:10:05','',NULL,NULL),(105,0,'已发布','0','heritage_audit_status',NULL,'success','N','0','admin','2026-01-25 21:32:07','',NULL,NULL),(106,1,'待审核','1','heritage_audit_status',NULL,'warning','N','0','admin','2026-01-25 21:32:29','admin','2026-01-25 21:33:03',NULL),(107,2,'已驳回','2','heritage_audit_status',NULL,'danger','N','0','admin','2026-01-25 21:32:56','',NULL,NULL),(108,3,'已下架','3','heritage_audit_status',NULL,'info','N','0','admin','2026-01-25 21:39:56','',NULL,NULL);
/*!40000 ALTER TABLE `sys_dict_data` ENABLE KEYS */;
UNLOCK TABLES;

--
-- Table structure for table `sys_dict_type`
--

DROP TABLE IF EXISTS `sys_dict_type`;
/*!40101 SET @saved_cs_client     = @@character_set_client */;
/*!50503 SET character_set_client = utf8mb4 */;
CREATE TABLE `sys_dict_type` (
  `dict_id` bigint NOT NULL AUTO_INCREMENT COMMENT '字典主键',
  `dict_name` varchar(100) DEFAULT '' COMMENT '字典名称',
  `dict_type` varchar(100) DEFAULT '' COMMENT '字典类型',
  `status` char(1) DEFAULT '0' COMMENT '状态（0正常 1停用）',
  `create_by` varchar(64) DEFAULT '' COMMENT '创建者',
  `create_time` datetime DEFAULT NULL COMMENT '创建时间',
  `update_by` varchar(64) DEFAULT '' COMMENT '更新者',
  `update_time` datetime DEFAULT NULL COMMENT '更新时间',
  `remark` varchar(500) DEFAULT NULL COMMENT '备注',
  PRIMARY KEY (`dict_id`),
  UNIQUE KEY `dict_type` (`dict_type`)
) ENGINE=InnoDB AUTO_INCREMENT=102 DEFAULT CHARSET=utf8mb4 COLLATE=utf8mb4_0900_ai_ci COMMENT='字典类型表';
/*!40101 SET character_set_client = @saved_cs_client */;

--
-- Dumping data for table `sys_dict_type`
--

LOCK TABLES `sys_dict_type` WRITE;
/*!40000 ALTER TABLE `sys_dict_type` DISABLE KEYS */;
INSERT INTO `sys_dict_type` VALUES (1,'用户性别','sys_user_sex','0','admin','2025-12-24 23:39:34','',NULL,'用户性别列表'),(2,'菜单状态','sys_show_hide','0','admin','2025-12-24 23:39:34','',NULL,'菜单状态列表'),(3,'系统开关','sys_normal_disable','0','admin','2025-12-24 23:39:34','admin','2026-01-25 21:31:03','系统开关'),(4,'任务状态','sys_job_status','0','admin','2025-12-24 23:39:34','',NULL,'任务状态列表'),(5,'任务分组','sys_job_group','0','admin','2025-12-24 23:39:34','',NULL,'任务分组列表'),(6,'系统是否','sys_yes_no','0','admin','2025-12-24 23:39:34','',NULL,'系统是否列表'),(7,'通知类型','sys_notice_type','0','admin','2025-12-24 23:39:34','',NULL,'通知类型列表'),(8,'通知状态','sys_notice_status','0','admin','2025-12-24 23:39:34','',NULL,'通知状态列表'),(9,'操作类型','sys_oper_type','0','admin','2025-12-24 23:39:34','',NULL,'操作类型列表'),(10,'系统状态','sys_common_status','0','admin','2025-12-24 23:39:34','',NULL,'登录状态列表'),(100,'传承人级别','heritage_level','0','admin','2026-01-02 17:02:20','',NULL,'传承人级别'),(101,'UGC状态','heritage_audit_status','0','admin','2026-01-25 21:31:43','',NULL,'UGC状态');
/*!40000 ALTER TABLE `sys_dict_type` ENABLE KEYS */;
UNLOCK TABLES;

--
-- Table structure for table `sys_job`
--

DROP TABLE IF EXISTS `sys_job`;
/*!40101 SET @saved_cs_client     = @@character_set_client */;
/*!50503 SET character_set_client = utf8mb4 */;
CREATE TABLE `sys_job` (
  `job_id` bigint NOT NULL AUTO_INCREMENT COMMENT '任务ID',
  `job_name` varchar(64) NOT NULL DEFAULT '' COMMENT '任务名称',
  `job_group` varchar(64) NOT NULL DEFAULT 'DEFAULT' COMMENT '任务组名',
  `invoke_target` varchar(500) NOT NULL COMMENT '调用目标字符串',
  `cron_expression` varchar(255) DEFAULT '' COMMENT 'cron执行表达式',
  `misfire_policy` varchar(20) DEFAULT '3' COMMENT '计划执行错误策略（1立即执行 2执行一次 3放弃执行）',
  `concurrent` char(1) DEFAULT '1' COMMENT '是否并发执行（0允许 1禁止）',
  `status` char(1) DEFAULT '0' COMMENT '状态（0正常 1暂停）',
  `create_by` varchar(64) DEFAULT '' COMMENT '创建者',
  `create_time` datetime DEFAULT NULL COMMENT '创建时间',
  `update_by` varchar(64) DEFAULT '' COMMENT '更新者',
  `update_time` datetime DEFAULT NULL COMMENT '更新时间',
  `remark` varchar(500) DEFAULT '' COMMENT '备注信息',
  PRIMARY KEY (`job_id`,`job_name`,`job_group`)
) ENGINE=InnoDB AUTO_INCREMENT=100 DEFAULT CHARSET=utf8mb4 COLLATE=utf8mb4_0900_ai_ci COMMENT='定时任务调度表';
/*!40101 SET character_set_client = @saved_cs_client */;

--
-- Dumping data for table `sys_job`
--

LOCK TABLES `sys_job` WRITE;
/*!40000 ALTER TABLE `sys_job` DISABLE KEYS */;
INSERT INTO `sys_job` VALUES (1,'系统默认（无参）','DEFAULT','ryTask.ryNoParams','0/10 * * * * ?','3','1','1','admin','2025-12-24 23:39:35','',NULL,''),(2,'系统默认（有参）','DEFAULT','ryTask.ryParams(\'ry\')','0/15 * * * * ?','3','1','1','admin','2025-12-24 23:39:35','',NULL,''),(3,'系统默认（多参）','DEFAULT','ryTask.ryMultipleParams(\'ry\', true, 2000L, 316.50D, 100)','0/20 * * * * ?','3','1','1','admin','2025-12-24 23:39:35','',NULL,'');
/*!40000 ALTER TABLE `sys_job` ENABLE KEYS */;
UNLOCK TABLES;

--
-- Table structure for table `sys_job_log`
--

DROP TABLE IF EXISTS `sys_job_log`;
/*!40101 SET @saved_cs_client     = @@character_set_client */;
/*!50503 SET character_set_client = utf8mb4 */;
CREATE TABLE `sys_job_log` (
  `job_log_id` bigint NOT NULL AUTO_INCREMENT COMMENT '任务日志ID',
  `job_name` varchar(64) NOT NULL COMMENT '任务名称',
  `job_group` varchar(64) NOT NULL COMMENT '任务组名',
  `invoke_target` varchar(500) NOT NULL COMMENT '调用目标字符串',
  `job_message` varchar(500) DEFAULT NULL COMMENT '日志信息',
  `status` char(1) DEFAULT '0' COMMENT '执行状态（0正常 1失败）',
  `exception_info` varchar(2000) DEFAULT '' COMMENT '异常信息',
  `create_time` datetime DEFAULT NULL COMMENT '创建时间',
  PRIMARY KEY (`job_log_id`)
) ENGINE=InnoDB DEFAULT CHARSET=utf8mb4 COLLATE=utf8mb4_0900_ai_ci COMMENT='定时任务调度日志表';
/*!40101 SET character_set_client = @saved_cs_client */;

--
-- Dumping data for table `sys_job_log`
--

LOCK TABLES `sys_job_log` WRITE;
/*!40000 ALTER TABLE `sys_job_log` DISABLE KEYS */;
/*!40000 ALTER TABLE `sys_job_log` ENABLE KEYS */;
UNLOCK TABLES;

--
-- Table structure for table `sys_logininfor`
--

DROP TABLE IF EXISTS `sys_logininfor`;
/*!40101 SET @saved_cs_client     = @@character_set_client */;
/*!50503 SET character_set_client = utf8mb4 */;
CREATE TABLE `sys_logininfor` (
  `info_id` bigint NOT NULL AUTO_INCREMENT COMMENT '访问ID',
  `user_name` varchar(50) DEFAULT '' COMMENT '用户账号',
  `ipaddr` varchar(128) DEFAULT '' COMMENT '登录IP地址',
  `login_location` varchar(255) DEFAULT '' COMMENT '登录地点',
  `browser` varchar(50) DEFAULT '' COMMENT '浏览器类型',
  `os` varchar(50) DEFAULT '' COMMENT '操作系统',
  `status` char(1) DEFAULT '0' COMMENT '登录状态（0成功 1失败）',
  `msg` varchar(255) DEFAULT '' COMMENT '提示消息',
  `login_time` datetime DEFAULT NULL COMMENT '访问时间',
  PRIMARY KEY (`info_id`),
  KEY `idx_sys_logininfor_s` (`status`),
  KEY `idx_sys_logininfor_lt` (`login_time`)
) ENGINE=InnoDB AUTO_INCREMENT=367 DEFAULT CHARSET=utf8mb4 COLLATE=utf8mb4_0900_ai_ci COMMENT='系统访问记录';
/*!40101 SET character_set_client = @saved_cs_client */;

--
-- Dumping data for table `sys_logininfor`
--

LOCK TABLES `sys_logininfor` WRITE;
/*!40000 ALTER TABLE `sys_logininfor` DISABLE KEYS */;
INSERT INTO `sys_logininfor` VALUES (100,'admin','127.0.0.1','内网IP','Chrome 143','Windows10','0','登录成功','2025-12-25 23:11:24'),(101,'admin','127.0.0.1','内网IP','Chrome 143','Windows10','0','登录成功','2025-12-26 14:50:23'),(102,'admin','127.0.0.1','内网IP','Chrome 143','Windows10','0','登录成功','2025-12-26 16:10:34'),(103,'admin','127.0.0.1','内网IP','Chrome 143','Windows10','0','登录成功','2025-12-26 22:11:40'),(104,'admin','127.0.0.1','内网IP','Chrome 143','Windows10','0','登录成功','2025-12-26 23:17:26'),(105,'admin','127.0.0.1','内网IP','Chrome 143','Windows10','0','登录成功','2025-12-26 23:56:00'),(106,'admin','127.0.0.1','内网IP','Chrome 143','Windows10','0','登录成功','2025-12-27 11:00:02'),(107,'admin','127.0.0.1','内网IP','Chrome 143','Windows10','0','登录成功','2025-12-27 16:03:01'),(108,'admin','127.0.0.1','内网IP','Chrome 143','Windows10','0','登录成功','2025-12-27 17:04:48'),(109,'admin','127.0.0.1','内网IP','Chrome 143','Windows10','0','登录成功','2025-12-27 19:12:02'),(110,'admin','127.0.0.1','内网IP','Chrome 143','Windows10','0','登录成功','2025-12-27 21:43:31'),(111,'admin','127.0.0.1','内网IP','Chrome 143','Windows10','0','登录成功','2025-12-27 22:28:24'),(112,'admin','127.0.0.1','内网IP','Chrome 143','Windows10','0','登录成功','2025-12-29 14:16:21'),(113,'admin','127.0.0.1','内网IP','Chrome 143','Windows10','0','登录成功','2025-12-29 15:04:52'),(114,'admin','127.0.0.1','内网IP','Chrome 143','Windows10','0','登录成功','2025-12-29 16:29:05'),(115,'admin','127.0.0.1','内网IP','Chrome 143','Windows10','0','退出成功','2025-12-29 16:30:59'),(116,'admin','127.0.0.1','内网IP','Chrome 143','Windows10','0','登录成功','2025-12-29 16:31:03'),(117,'admin','127.0.0.1','内网IP','Chrome 143','Windows10','0','登录成功','2025-12-29 16:50:32'),(118,'admin','127.0.0.1','内网IP','Chrome 143','Windows10','1','验证码错误','2025-12-29 17:46:39'),(119,'admin','127.0.0.1','内网IP','Chrome 143','Windows10','0','登录成功','2025-12-29 17:46:39'),(120,'admin','127.0.0.1','内网IP','Chrome 143','Windows10','0','登录成功','2025-12-29 18:43:16'),(121,'admin','127.0.0.1','内网IP','Chrome 143','Windows10','0','登录成功','2025-12-29 22:43:44'),(122,'admin','127.0.0.1','内网IP','Chrome 143','Windows10','0','登录成功','2025-12-30 13:21:02'),(123,'admin','127.0.0.1','内网IP','Chrome 143','Windows10','1','验证码错误','2025-12-30 15:19:39'),(124,'admin','127.0.0.1','内网IP','Chrome 143','Windows10','0','登录成功','2025-12-30 15:19:40'),(125,'admin','127.0.0.1','内网IP','Chrome 143','Windows10','0','登录成功','2025-12-30 16:06:37'),(126,'admin','127.0.0.1','内网IP','Chrome 143','Windows10','1','验证码错误','2025-12-30 18:22:16'),(127,'admin','127.0.0.1','内网IP','Chrome 143','Windows10','1','验证码错误','2025-12-30 18:22:17'),(128,'admin','127.0.0.1','内网IP','Chrome 143','Windows10','0','登录成功','2025-12-30 18:22:23'),(129,'admin','127.0.0.1','内网IP','Chrome 143','Windows10','0','登录成功','2025-12-30 23:07:57'),(130,'admin','127.0.0.1','内网IP','Chrome 143','Windows10','1','验证码错误','2025-12-30 23:07:57'),(131,'admin','127.0.0.1','内网IP','Chrome 143','Windows10','1','验证码错误','2025-12-31 11:49:33'),(132,'admin','127.0.0.1','内网IP','Chrome 143','Windows10','1','验证码错误','2025-12-31 11:49:33'),(133,'admin','127.0.0.1','内网IP','Chrome 143','Windows10','0','登录成功','2025-12-31 11:49:37'),(134,'admin','127.0.0.1','内网IP','Chrome 143','Windows10','0','退出成功','2025-12-31 11:59:45'),(135,'admin','127.0.0.1','内网IP','Chrome 143','Windows10','0','登录成功','2025-12-31 12:00:01'),(136,'admin','127.0.0.1','内网IP','Chrome 143','Windows10','0','退出成功','2025-12-31 13:35:32'),(137,'admin','127.0.0.1','内网IP','Chrome 143','Windows10','0','登录成功','2025-12-31 13:35:49'),(138,'admin','127.0.0.1','内网IP','Chrome 143','Windows10','0','退出成功','2025-12-31 13:36:29'),(139,'admin','127.0.0.1','内网IP','Chrome 143','Windows10','0','登录成功','2025-12-31 13:36:33'),(140,'admin','127.0.0.1','内网IP','Chrome 143','Windows10','0','登录成功','2026-01-02 14:26:21'),(141,'admin','127.0.0.1','内网IP','Chrome 143','Windows10','0','退出成功','2026-01-02 14:56:38'),(142,'admin','127.0.0.1','内网IP','Chrome 143','Windows10','0','登录成功','2026-01-02 14:56:41'),(143,'admin','127.0.0.1','内网IP','Chrome 143','Windows10','0','登录成功','2026-01-02 16:25:37'),(144,'admin','127.0.0.1','内网IP','Chrome 143','Windows10','0','登录成功','2026-01-02 17:59:27'),(145,'admin','127.0.0.1','内网IP','Chrome 143','Windows10','0','登录成功','2026-01-02 18:45:23'),(146,'admin','127.0.0.1','内网IP','Chrome 143','Windows10','0','登录成功','2026-01-02 23:57:56'),(147,'admin','127.0.0.1','内网IP','Chrome 143','Windows10','0','登录成功','2026-01-03 00:06:45'),(148,'admin','127.0.0.1','内网IP','Chrome 143','Windows10','0','登录成功','2026-01-03 01:18:35'),(149,'admin','127.0.0.1','内网IP','Chrome 143','Windows10','0','登录成功','2026-01-03 13:22:33'),(150,'admin','127.0.0.1','内网IP','Chrome 143','Windows10','0','登录成功','2026-01-03 15:37:07'),(151,'admin','127.0.0.1','内网IP','Chrome 143','Windows10','0','退出成功','2026-01-03 15:37:17'),(152,'admin','127.0.0.1','内网IP','Chrome 143','Windows10','1','验证码已失效','2026-01-03 15:49:35'),(153,'admin','127.0.0.1','内网IP','Chrome 143','Windows10','0','登录成功','2026-01-03 15:49:41'),(154,'admin','127.0.0.1','内网IP','Chrome 143','Windows10','0','退出成功','2026-01-03 15:54:47'),(155,'admin','127.0.0.1','内网IP','Chrome 143','Windows10','0','登录成功','2026-01-03 15:54:54'),(156,'admin','127.0.0.1','内网IP','Chrome 143','Windows10','0','退出成功','2026-01-03 15:58:09'),(157,'admin','127.0.0.1','内网IP','Chrome 143','Windows10','0','登录成功','2026-01-03 16:07:31'),(158,'admin','127.0.0.1','内网IP','Chrome 143','Windows10','0','退出成功','2026-01-03 16:07:39'),(159,'admin','127.0.0.1','内网IP','Chrome 143','Windows10','0','登录成功','2026-01-03 16:07:49'),(160,'admin','127.0.0.1','内网IP','Chrome 143','Windows10','0','退出成功','2026-01-03 16:08:09'),(161,'admin','127.0.0.1','内网IP','Chrome 143','Windows10','0','登录成功','2026-01-03 16:12:24'),(162,'admin','127.0.0.1','内网IP','Chrome 143','Windows10','0','退出成功','2026-01-03 16:13:00'),(163,'admin','127.0.0.1','内网IP','Chrome 143','Windows10','1','验证码错误','2026-01-03 16:15:54'),(164,'admin','127.0.0.1','内网IP','Chrome 143','Windows10','0','登录成功','2026-01-03 16:15:58'),(165,'admin','127.0.0.1','内网IP','Chrome 143','Windows10','0','退出成功','2026-01-03 16:28:48'),(166,'user','127.0.0.1','内网IP','Chrome 143','Windows10','0','注册成功','2026-01-03 16:29:45'),(167,'user','127.0.0.1','内网IP','Chrome 143','Windows10','1','用户不存在/密码错误','2026-01-03 16:30:06'),(168,'user','127.0.0.1','内网IP','Chrome 143','Windows10','0','登录成功','2026-01-03 16:30:22'),(169,'user','127.0.0.1','内网IP','Chrome 143','Windows10','0','退出成功','2026-01-03 16:30:37'),(170,'admin','127.0.0.1','内网IP','Chrome 143','Windows10','0','登录成功','2026-01-03 16:30:45'),(171,'admin','127.0.0.1','内网IP','Chrome 143','Windows10','0','退出成功','2026-01-03 16:38:06'),(172,'user','127.0.0.1','内网IP','Chrome 143','Windows10','0','登录成功','2026-01-03 16:38:20'),(173,'user','127.0.0.1','内网IP','Chrome 143','Windows10','0','退出成功','2026-01-03 16:40:58'),(174,'admin','127.0.0.1','内网IP','Chrome 143','Windows10','1','用户不存在/密码错误','2026-01-03 16:41:16'),(175,'ruoyi','127.0.0.1','内网IP','Chrome 143','Windows10','1','用户不存在/密码错误','2026-01-03 16:41:59'),(176,'admin','127.0.0.1','内网IP','Chrome 143','Windows10','0','登录成功','2026-01-03 16:42:52'),(177,'admin','127.0.0.1','内网IP','Chrome 143','Windows10','0','退出成功','2026-01-03 16:47:45'),(178,'user','127.0.0.1','内网IP','Chrome 143','Windows10','1','验证码错误','2026-01-03 16:47:57'),(179,'user','127.0.0.1','内网IP','Chrome 143','Windows10','0','登录成功','2026-01-03 16:48:02'),(180,'user','127.0.0.1','内网IP','Chrome 143','Windows10','0','退出成功','2026-01-03 16:52:57'),(181,'user','127.0.0.1','内网IP','Chrome 143','Windows10','0','登录成功','2026-01-03 16:53:09'),(182,'user','127.0.0.1','内网IP','Chrome 143','Windows10','0','退出成功','2026-01-03 16:54:04'),(183,'admin','127.0.0.1','内网IP','Chrome 143','Windows10','1','验证码错误','2026-01-03 16:54:06'),(184,'admin','127.0.0.1','内网IP','Chrome 143','Windows10','1','验证码错误','2026-01-03 16:54:06'),(185,'admin','127.0.0.1','内网IP','Chrome 143','Windows10','0','登录成功','2026-01-03 16:54:12'),(186,'admin','127.0.0.1','内网IP','Chrome 143','Windows10','0','退出成功','2026-01-03 16:59:57'),(187,'user','127.0.0.1','内网IP','Chrome 143','Windows10','0','登录成功','2026-01-03 17:00:04'),(188,'user','127.0.0.1','内网IP','Chrome 143','Windows10','1','验证码错误','2026-01-03 20:03:28'),(189,'user','127.0.0.1','内网IP','Chrome 143','Windows10','0','登录成功','2026-01-03 20:03:29'),(190,'user','127.0.0.1','内网IP','Chrome 143','Windows10','0','登录成功','2026-01-03 20:24:50'),(191,'user','127.0.0.1','内网IP','Chrome 143','Windows10','0','退出成功','2026-01-03 20:42:37'),(192,'admin','127.0.0.1','内网IP','Chrome 143','Windows10','0','登录成功','2026-01-03 20:42:39'),(193,'admin','127.0.0.1','内网IP','Chrome 143','Windows10','0','退出成功','2026-01-03 20:47:10'),(194,'user','127.0.0.1','内网IP','Chrome 143','Windows10','0','登录成功','2026-01-03 20:47:19'),(195,'user','127.0.0.1','内网IP','Chrome 143','Windows10','0','退出成功','2026-01-03 20:48:05'),(196,'admin','127.0.0.1','内网IP','Chrome 143','Windows10','0','登录成功','2026-01-03 20:48:17'),(197,'admin','127.0.0.1','内网IP','Chrome 143','Windows10','0','退出成功','2026-01-03 21:15:45'),(198,'user','127.0.0.1','内网IP','Chrome 143','Windows10','1','用户不存在/密码错误','2026-01-03 21:16:01'),(199,'user','127.0.0.1','内网IP','Chrome 143','Windows10','1','验证码错误','2026-01-03 21:16:10'),(200,'user','127.0.0.1','内网IP','Chrome 143','Windows10','0','登录成功','2026-01-03 21:16:15'),(201,'user','127.0.0.1','内网IP','Chrome 143','Windows10','0','退出成功','2026-01-03 21:17:28'),(202,'admin','127.0.0.1','内网IP','Chrome 143','Windows10','0','登录成功','2026-01-03 21:17:35'),(203,'admin','127.0.0.1','内网IP','Chrome 143','Windows10','0','退出成功','2026-01-03 21:18:18'),(204,'user','127.0.0.1','内网IP','Chrome 143','Windows10','0','登录成功','2026-01-03 21:18:28'),(205,'user','127.0.0.1','内网IP','Chrome 143','Windows10','0','退出成功','2026-01-03 21:20:03'),(206,'admin','127.0.0.1','内网IP','Chrome 143','Windows10','0','登录成功','2026-01-03 21:20:08'),(207,'admin','127.0.0.1','内网IP','Chrome 143','Windows10','0','退出成功','2026-01-03 21:20:48'),(208,'user','127.0.0.1','内网IP','Chrome 143','Windows10','0','登录成功','2026-01-03 21:20:59'),(209,'user','127.0.0.1','内网IP','Chrome 143','Windows10','0','退出成功','2026-01-03 21:35:24'),(210,'admin','127.0.0.1','内网IP','Chrome 143','Windows10','0','登录成功','2026-01-03 21:36:15'),(211,'admin','127.0.0.1','内网IP','Chrome 143','Windows10','0','登录成功','2026-01-03 21:55:25'),(212,'admin','127.0.0.1','内网IP','Chrome 143','Windows10','0','登录成功','2026-01-04 21:32:11'),(213,'admin','127.0.0.1','内网IP','Chrome 143','Windows10','0','登录成功','2026-01-04 22:13:45'),(214,'admin','127.0.0.1','内网IP','Chrome 143','Windows10','0','退出成功','2026-01-04 22:21:22'),(215,'admin','127.0.0.1','内网IP','Chrome 143','Windows10','0','登录成功','2026-01-04 22:21:32'),(216,'admin','127.0.0.1','内网IP','Chrome 143','Windows10','0','登录成功','2026-01-04 23:21:02'),(217,'admin','127.0.0.1','内网IP','Chrome 143','Windows10','1','验证码错误','2026-01-07 16:54:28'),(218,'admin','127.0.0.1','内网IP','Chrome 143','Windows10','0','登录成功','2026-01-07 16:54:36'),(219,'admin','127.0.0.1','内网IP','Chrome 143','Windows10','0','登录成功','2026-01-08 14:17:47'),(220,'admin','127.0.0.1','内网IP','Chrome 143','Windows10','0','登录成功','2026-01-10 21:35:10'),(221,'admin','127.0.0.1','内网IP','Chrome 143','Windows10','0','登录成功','2026-01-25 20:56:07'),(222,'admin','127.0.0.1','内网IP','Chrome 143','Windows10','0','退出成功','2026-01-25 22:11:51'),(223,'user','127.0.0.1','内网IP','Chrome 143','Windows10','0','登录成功','2026-01-25 22:11:58'),(224,'user','127.0.0.1','内网IP','Chrome 143','Windows10','0','退出成功','2026-01-25 22:17:53'),(225,'admin','127.0.0.1','内网IP','Chrome 143','Windows10','0','登录成功','2026-01-25 22:18:00'),(226,'admin','127.0.0.1','内网IP','Chrome 143','Windows10','0','退出成功','2026-01-25 23:11:30'),(227,'user','127.0.0.1','内网IP','Chrome 143','Windows10','1','验证码错误','2026-01-25 23:11:42'),(228,'user','127.0.0.1','内网IP','Chrome 143','Windows10','0','登录成功','2026-01-25 23:11:46'),(229,'user','127.0.0.1','内网IP','Chrome 143','Windows10','0','退出成功','2026-01-25 23:11:59'),(230,'admin','127.0.0.1','内网IP','Chrome 143','Windows10','0','登录成功','2026-01-25 23:12:07'),(231,'admin','127.0.0.1','内网IP','Chrome 143','Windows10','0','退出成功','2026-01-25 23:15:13'),(232,'user','127.0.0.1','内网IP','Chrome 143','Windows10','1','验证码错误','2026-01-25 23:15:26'),(233,'user','127.0.0.1','内网IP','Chrome 143','Windows10','0','登录成功','2026-01-25 23:15:31'),(234,'user','127.0.0.1','内网IP','Chrome 143','Windows10','0','退出成功','2026-01-25 23:16:13'),(235,'admin','127.0.0.1','内网IP','Chrome 143','Windows10','0','登录成功','2026-01-25 23:16:19'),(236,'admin','127.0.0.1','内网IP','Chrome 143','Windows10','0','退出成功','2026-01-25 23:17:04'),(237,'user','127.0.0.1','内网IP','Chrome 143','Windows10','0','登录成功','2026-01-25 23:17:10'),(238,'user','127.0.0.1','内网IP','Chrome 143','Windows10','0','退出成功','2026-01-25 23:17:42'),(239,'admin','127.0.0.1','内网IP','Chrome 143','Windows10','0','登录成功','2026-01-25 23:17:49'),(240,'admin','127.0.0.1','内网IP','Chrome 143','Windows10','0','登录成功','2026-01-26 12:55:21'),(241,'admin','127.0.0.1','内网IP','Chrome 143','Windows10','0','登录成功','2026-01-26 20:32:32'),(242,'admin','127.0.0.1','内网IP','Chrome 143','Windows10','0','退出成功','2026-01-26 20:49:27'),(243,'admin','127.0.0.1','内网IP','Chrome 143','Windows10','0','登录成功','2026-01-26 20:49:36'),(244,'admin','127.0.0.1','内网IP','Chrome 143','Windows10','0','退出成功','2026-01-26 21:16:38'),(245,'admin','127.0.0.1','内网IP','Chrome 143','Windows10','0','登录成功','2026-01-26 21:16:45'),(246,'admin','127.0.0.1','内网IP','Chrome 143','Windows10','0','退出成功','2026-01-26 21:40:56'),(247,'admin','127.0.0.1','内网IP','Chrome 143','Windows10','0','登录成功','2026-01-26 21:40:59'),(248,'admin','127.0.0.1','内网IP','Chrome 144','Windows10','0','登录成功','2026-01-27 16:11:42'),(249,'user','127.0.0.1','内网IP','Chrome 144','Windows10','0','登录成功','2026-01-27 17:40:59'),(250,'user','127.0.0.1','内网IP','Chrome 144','Windows10','0','退出成功','2026-01-27 17:51:30'),(251,'user','127.0.0.1','内网IP','Chrome 144','Windows10','1','验证码已失效','2026-01-27 17:51:34'),(252,'user','127.0.0.1','内网IP','Chrome 144','Windows10','0','登录成功','2026-01-27 17:51:34'),(253,'user','127.0.0.1','内网IP','Chrome 144','Windows10','0','退出成功','2026-01-27 17:56:52'),(254,'admin','127.0.0.1','内网IP','Chrome 144','Windows10','1','验证码已失效','2026-01-27 17:56:58'),(255,'admin','127.0.0.1','内网IP','Chrome 144','Windows10','0','登录成功','2026-01-27 17:56:59'),(256,'admin','127.0.0.1','内网IP','Chrome 144','Windows10','0','退出成功','2026-01-27 18:31:18'),(257,'user','127.0.0.1','内网IP','Chrome 144','Windows10','0','登录成功','2026-01-27 18:31:27'),(258,'user','127.0.0.1','内网IP','Chrome 144','Windows10','0','退出成功','2026-01-27 18:32:22'),(259,'user','127.0.0.1','内网IP','Chrome 144','Windows10','0','登录成功','2026-01-27 18:32:31'),(260,'user','127.0.0.1','内网IP','Chrome 144','Windows10','0','退出成功','2026-01-27 18:32:47'),(261,'admin','127.0.0.1','内网IP','Chrome 144','Windows10','0','登录成功','2026-01-27 18:32:53'),(262,'admin','127.0.0.1','内网IP','Chrome 144','Windows10','0','退出成功','2026-01-27 18:33:32'),(263,'user','127.0.0.1','内网IP','Chrome 144','Windows10','0','登录成功','2026-01-27 18:33:42'),(264,'user','127.0.0.1','内网IP','Chrome 144','Windows10','0','退出成功','2026-01-27 18:47:34'),(265,'user','127.0.0.1','内网IP','Chrome 144','Windows10','0','登录成功','2026-01-27 18:47:35'),(266,'user','127.0.0.1','内网IP','Chrome 144','Windows10','0','退出成功','2026-01-27 19:05:20'),(267,'admin','127.0.0.1','内网IP','Chrome 144','Windows10','0','登录成功','2026-01-27 19:05:27'),(268,'admin','127.0.0.1','内网IP','Chrome 144','Windows10','0','退出成功','2026-01-27 19:07:12'),(269,'user','127.0.0.1','内网IP','Chrome 144','Windows10','0','登录成功','2026-01-27 19:07:19'),(270,'user','127.0.0.1','内网IP','Chrome 144','Windows10','0','退出成功','2026-01-27 19:09:20'),(271,'admin','127.0.0.1','内网IP','Chrome 144','Windows10','0','登录成功','2026-01-27 19:09:29'),(272,'admin','127.0.0.1','内网IP','Chrome 144','Windows10','0','退出成功','2026-01-27 19:11:58'),(273,'user','127.0.0.1','内网IP','Chrome 144','Windows10','0','登录成功','2026-01-27 19:12:07'),(274,'user','127.0.0.1','内网IP','Chrome 144','Windows10','0','退出成功','2026-01-27 19:30:53'),(275,'admin','127.0.0.1','内网IP','Chrome 144','Windows10','1','验证码已失效','2026-01-27 19:31:00'),(276,'admin','127.0.0.1','内网IP','Chrome 144','Windows10','0','登录成功','2026-01-27 19:31:00'),(277,'admin','127.0.0.1','内网IP','Chrome 144','Windows10','0','退出成功','2026-01-27 19:34:01'),(278,'user','127.0.0.1','内网IP','Chrome 144','Windows10','0','登录成功','2026-01-27 19:34:12'),(279,'user','127.0.0.1','内网IP','Chrome 144','Windows10','0','退出成功','2026-01-27 19:56:05'),(280,'admin','127.0.0.1','内网IP','Chrome 144','Windows10','0','登录成功','2026-01-27 19:56:15'),(281,'admin','127.0.0.1','内网IP','Chrome 144','Windows10','0','退出成功','2026-01-27 19:58:04'),(282,'user','127.0.0.1','内网IP','Chrome 144','Windows10','0','登录成功','2026-01-27 19:58:11'),(283,'user','127.0.0.1','内网IP','Chrome 144','Windows10','0','退出成功','2026-01-27 20:04:42'),(284,'admin','127.0.0.1','内网IP','Chrome 144','Windows10','1','验证码错误','2026-01-27 20:05:52'),(285,'admin','127.0.0.1','内网IP','Chrome 144','Windows10','0','登录成功','2026-01-27 20:05:56'),(286,'admin','127.0.0.1','内网IP','Chrome 144','Windows10','0','退出成功','2026-01-27 20:15:09'),(287,'user','127.0.0.1','内网IP','Chrome 144','Windows10','0','登录成功','2026-01-27 20:15:16'),(288,'user','127.0.0.1','内网IP','Chrome 144','Windows10','0','登录成功','2026-01-27 22:59:21'),(289,'user','127.0.0.1','内网IP','Chrome 144','Windows10','0','登录成功','2026-01-27 23:50:15'),(290,'admin','127.0.0.1','内网IP','Chrome 144','Windows10','0','登录成功','2026-01-28 16:40:11'),(291,'admin','127.0.0.1','内网IP','Chrome 144','Windows10','0','退出成功','2026-01-28 16:41:04'),(292,'user','127.0.0.1','内网IP','Chrome 144','Windows10','0','登录成功','2026-01-28 16:41:11'),(293,'user','127.0.0.1','内网IP','Chrome 144','Windows10','0','登录成功','2026-01-31 16:23:12'),(294,'user','127.0.0.1','内网IP','Chrome 144','Windows10','0','退出成功','2026-01-31 16:24:22'),(295,'admin','127.0.0.1','内网IP','Chrome 144','Windows10','0','登录成功','2026-01-31 16:24:31'),(296,'admin','127.0.0.1','内网IP','Chrome 144','Windows10','0','退出成功','2026-01-31 16:25:35'),(297,'user','127.0.0.1','内网IP','Chrome 144','Windows10','0','登录成功','2026-01-31 16:25:45'),(298,'admin','127.0.0.1','内网IP','Chrome 144','Windows10','0','登录成功','2026-01-31 23:12:48'),(299,'admin','127.0.0.1','内网IP','Chrome 144','Windows10','0','退出成功','2026-02-01 00:37:49'),(300,'user','127.0.0.1','内网IP','Chrome 144','Windows10','0','登录成功','2026-02-01 00:37:57'),(301,'user','127.0.0.1','内网IP','Chrome 144','Windows10','0','退出成功','2026-02-01 00:38:59'),(302,'user','127.0.0.1','内网IP','Chrome 144','Windows10','0','登录成功','2026-02-01 14:37:58'),(303,'user','127.0.0.1','内网IP','Chrome 144','Windows10','0','退出成功','2026-02-01 16:14:28'),(304,'admin','127.0.0.1','内网IP','Chrome 144','Windows10','0','登录成功','2026-02-01 16:14:35'),(305,'admin','127.0.0.1','内网IP','Chrome 144','Windows10','0','退出成功','2026-02-01 16:41:23'),(306,'user','127.0.0.1','内网IP','Chrome 144','Windows10','0','登录成功','2026-02-01 16:41:28'),(307,'user','127.0.0.1','内网IP','Chrome 144','Windows10','0','退出成功','2026-02-01 16:52:02'),(308,'admin','127.0.0.1','内网IP','Chrome 144','Windows10','1','验证码错误','2026-02-01 16:52:09'),(309,'admin','127.0.0.1','内网IP','Chrome 144','Windows10','0','登录成功','2026-02-01 16:52:14'),(310,'admin','127.0.0.1','内网IP','Chrome 144','Windows10','0','退出成功','2026-02-01 17:04:48'),(311,'user','127.0.0.1','内网IP','Chrome 144','Windows10','0','登录成功','2026-02-01 17:04:57'),(312,'user','127.0.0.1','内网IP','Chrome 144','Windows10','0','登录成功','2026-02-01 18:14:28'),(313,'user','127.0.0.1','内网IP','Chrome 144','Windows10','0','登录成功','2026-02-06 15:54:23'),(314,'admin','127.0.0.1','内网IP','Chrome 145','Windows10','0','登录成功','2026-02-17 23:30:35'),(315,'admin','127.0.0.1','内网IP','Chrome 146','Windows10','0','登录成功','2026-03-24 09:54:08'),(316,'admin','127.0.0.1','内网IP','Chrome 146','Windows10','0','退出成功','2026-03-24 09:54:50'),(317,'user','127.0.0.1','内网IP','Chrome 146','Windows10','0','登录成功','2026-03-24 09:54:58'),(318,'user','127.0.0.1','内网IP','Chrome 146','Windows10','0','退出成功','2026-03-24 09:56:59'),(319,'admin','127.0.0.1','内网IP','Chrome 146','Windows10','0','登录成功','2026-03-24 09:57:04'),(320,'admin','127.0.0.1','内网IP','Chrome 146','Windows10','0','退出成功','2026-03-24 10:06:51'),(321,'user','127.0.0.1','内网IP','Chrome 146','Windows10','1','验证码错误','2026-03-24 10:06:59'),(322,'user','127.0.0.1','内网IP','Chrome 146','Windows10','0','登录成功','2026-03-24 10:07:02'),(323,'user','127.0.0.1','内网IP','Chrome 146','Windows10','0','退出成功','2026-03-24 10:08:09'),(324,'admin','127.0.0.1','内网IP','Chrome 146','Windows10','0','登录成功','2026-03-24 10:08:15'),(325,'admin','127.0.0.1','内网IP','Chrome 146','Windows10','0','退出成功','2026-03-24 10:08:33'),(326,'user','127.0.0.1','内网IP','Chrome 146','Windows10','0','登录成功','2026-03-24 10:08:42'),(327,'user','127.0.0.1','内网IP','Chrome 146','Windows10','0','退出成功','2026-03-24 10:09:58'),(328,'admin','127.0.0.1','内网IP','Chrome 146','Windows10','0','登录成功','2026-03-24 10:10:04'),(329,'admin','127.0.0.1','内网IP','Chrome 146','Windows10','0','退出成功','2026-03-24 10:14:47'),(330,'user','127.0.0.1','内网IP','Chrome 146','Windows10','0','登录成功','2026-03-24 10:14:52'),(331,'user','127.0.0.1','内网IP','Chrome 146','Windows10','0','退出成功','2026-03-24 10:15:07'),(332,'admin','127.0.0.1','内网IP','Chrome 146','Windows10','0','登录成功','2026-03-24 10:15:15'),(333,'admin','127.0.0.1','内网IP','Chrome 146','Windows10','0','退出成功','2026-03-24 10:54:38'),(334,'user','127.0.0.1','内网IP','Chrome 146','Windows10','0','登录成功','2026-03-24 10:54:45'),(335,'user','127.0.0.1','内网IP','Chrome 146','Windows10','0','退出成功','2026-03-24 11:11:48'),(336,'admin','127.0.0.1','内网IP','Chrome 146','Windows10','0','登录成功','2026-03-24 11:11:55'),(337,'admin','127.0.0.1','内网IP','Chrome 146','Windows10','0','登录成功','2026-03-24 12:16:50'),(338,'admin','127.0.0.1','内网IP','Chrome 146','Windows10','0','退出成功','2026-03-24 12:45:59'),(339,'user','127.0.0.1','内网IP','Chrome 146','Windows10','0','登录成功','2026-03-24 12:46:07'),(340,'user','127.0.0.1','内网IP','Chrome 146','Windows10','0','退出成功','2026-03-24 12:46:25'),(341,'admin','127.0.0.1','内网IP','Chrome 146','Windows10','0','登录成功','2026-03-24 12:46:31'),(342,'admin','127.0.0.1','内网IP','Chrome 146','Windows10','0','登录成功','2026-03-24 21:47:50'),(343,'admin','127.0.0.1','内网IP','Chrome 146','Windows10','0','退出成功','2026-03-24 21:57:31'),(344,'user','127.0.0.1','内网IP','Chrome 146','Windows10','0','登录成功','2026-03-24 21:57:39'),(345,'user','127.0.0.1','内网IP','Chrome 146','Windows10','0','退出成功','2026-03-24 21:59:20'),(346,'admin','127.0.0.1','内网IP','Chrome 146','Windows10','0','登录成功','2026-03-24 21:59:26'),(347,'admin','127.0.0.1','内网IP','Chrome 146','Windows10','0','退出成功','2026-03-24 22:11:26'),(348,'user','127.0.0.1','内网IP','Chrome 146','Windows10','0','登录成功','2026-03-24 22:11:32'),(349,'user','127.0.0.1','内网IP','Chrome 146','Windows10','0','退出成功','2026-03-24 22:13:26'),(350,'admin','127.0.0.1','内网IP','Chrome 146','Windows10','0','登录成功','2026-03-24 22:13:33'),(351,'admin','127.0.0.1','内网IP','Chrome 146','Windows10','0','登录成功','2026-03-30 09:34:06'),(352,'admin','127.0.0.1','内网IP','Chrome 146','Windows10','0','退出成功','2026-03-30 09:35:25'),(353,'user','127.0.0.1','内网IP','Chrome 146','Windows10','0','登录成功','2026-03-30 09:35:32'),(354,'user','127.0.0.1','内网IP','Chrome 146','Windows10','0','退出成功','2026-03-30 09:37:04'),(355,'admin','127.0.0.1','内网IP','Chrome 146','Windows10','0','登录成功','2026-03-30 09:37:10'),(356,'admin','127.0.0.1','内网IP','Chrome 146','Windows10','0','退出成功','2026-03-30 10:02:58'),(357,'user','127.0.0.1','内网IP','Chrome 146','Windows10','0','登录成功','2026-03-30 10:03:03'),(358,'user','127.0.0.1','内网IP','Chrome 146','Windows10','0','退出成功','2026-03-30 10:04:44'),(359,'user','127.0.0.1','内网IP','Chrome 146','Windows10','0','登录成功','2026-03-30 10:04:47'),(360,'user','127.0.0.1','内网IP','Chrome 146','Windows10','0','退出成功','2026-03-30 10:05:45'),(361,'admin','127.0.0.1','内网IP','Chrome 146','Windows10','0','登录成功','2026-03-30 10:05:52'),(362,'admin','127.0.0.1','内网IP','Chrome 146','Windows10','0','退出成功','2026-03-30 10:07:29'),(363,'user','127.0.0.1','内网IP','Chrome 146','Windows10','0','登录成功','2026-03-30 10:07:35'),(364,'user','127.0.0.1','内网IP','Chrome 146','Windows10','0','退出成功','2026-03-30 10:08:58'),(365,'admin','127.0.0.1','内网IP','Chrome 146','Windows10','0','登录成功','2026-03-30 10:09:05'),(366,'admin','127.0.0.1','内网IP','Chrome 146','Windows10','0','登录成功','2026-03-30 10:42:24');
/*!40000 ALTER TABLE `sys_logininfor` ENABLE KEYS */;
UNLOCK TABLES;

--
-- Table structure for table `sys_menu`
--

DROP TABLE IF EXISTS `sys_menu`;
/*!40101 SET @saved_cs_client     = @@character_set_client */;
/*!50503 SET character_set_client = utf8mb4 */;
CREATE TABLE `sys_menu` (
  `menu_id` bigint NOT NULL AUTO_INCREMENT COMMENT '菜单ID',
  `menu_name` varchar(50) NOT NULL COMMENT '菜单名称',
  `parent_id` bigint DEFAULT '0' COMMENT '父菜单ID',
  `order_num` int DEFAULT '0' COMMENT '显示顺序',
  `path` varchar(200) DEFAULT '' COMMENT '路由地址',
  `component` varchar(255) DEFAULT NULL COMMENT '组件路径',
  `query` varchar(255) DEFAULT NULL COMMENT '路由参数',
  `route_name` varchar(50) DEFAULT '' COMMENT '路由名称',
  `is_frame` int DEFAULT '1' COMMENT '是否为外链（0是 1否）',
  `is_cache` int DEFAULT '0' COMMENT '是否缓存（0缓存 1不缓存）',
  `menu_type` char(1) DEFAULT '' COMMENT '菜单类型（M目录 C菜单 F按钮）',
  `visible` char(1) DEFAULT '0' COMMENT '菜单状态（0显示 1隐藏）',
  `status` char(1) DEFAULT '0' COMMENT '菜单状态（0正常 1停用）',
  `perms` varchar(100) DEFAULT NULL COMMENT '权限标识',
  `icon` varchar(100) DEFAULT '#' COMMENT '菜单图标',
  `create_by` varchar(64) DEFAULT '' COMMENT '创建者',
  `create_time` datetime DEFAULT NULL COMMENT '创建时间',
  `update_by` varchar(64) DEFAULT '' COMMENT '更新者',
  `update_time` datetime DEFAULT NULL COMMENT '更新时间',
  `remark` varchar(500) DEFAULT '' COMMENT '备注',
  PRIMARY KEY (`menu_id`)
) ENGINE=InnoDB AUTO_INCREMENT=2052 DEFAULT CHARSET=utf8mb4 COLLATE=utf8mb4_0900_ai_ci COMMENT='菜单权限表';
/*!40101 SET character_set_client = @saved_cs_client */;

--
-- Dumping data for table `sys_menu`
--

LOCK TABLES `sys_menu` WRITE;
/*!40000 ALTER TABLE `sys_menu` DISABLE KEYS */;
INSERT INTO `sys_menu` VALUES (1,'系统管理',0,10,'system',NULL,'','',1,0,'M','0','0','','system','admin','2025-12-24 23:39:31','admin','2025-12-29 17:01:10','系统管理目录'),(2,'系统监控',0,11,'monitor',NULL,'','',1,0,'M','0','0','','monitor','admin','2025-12-24 23:39:31','admin','2025-12-29 17:01:17','系统监控目录'),(3,'系统工具',0,12,'tool',NULL,'','',1,0,'M','0','0','','tool','admin','2025-12-24 23:39:31','admin','2025-12-29 17:01:22','系统工具目录'),(4,'若依官网',0,13,'http://ruoyi.vip',NULL,'','',0,0,'M','1','0','','guide','admin','2025-12-24 23:39:31','admin','2025-12-29 17:01:28','若依官网地址'),(100,'用户管理',1,1,'user','system/user/index','','',1,0,'C','0','0','system:user:list','user','admin','2025-12-24 23:39:31','',NULL,'用户管理菜单'),(101,'角色管理',1,2,'role','system/role/index','','',1,0,'C','0','0','system:role:list','peoples','admin','2025-12-24 23:39:31','',NULL,'角色管理菜单'),(102,'菜单管理',1,3,'menu','system/menu/index','','',1,0,'C','0','0','system:menu:list','tree-table','admin','2025-12-24 23:39:31','',NULL,'菜单管理菜单'),(103,'部门管理',1,4,'dept','system/dept/index','','',1,0,'C','1','0','system:dept:list','tree','admin','2025-12-24 23:39:31','admin','2026-01-03 16:33:21','部门管理菜单'),(104,'岗位管理',1,5,'post','system/post/index','','',1,0,'C','1','0','system:post:list','post','admin','2025-12-24 23:39:31','admin','2026-01-03 16:33:35','岗位管理菜单'),(105,'字典管理',1,6,'dict','system/dict/index','','',1,0,'C','0','0','system:dict:list','dict','admin','2025-12-24 23:39:31','',NULL,'字典管理菜单'),(106,'参数设置',1,7,'config','system/config/index','','',1,0,'C','0','0','system:config:list','edit','admin','2025-12-24 23:39:31','',NULL,'参数设置菜单'),(107,'通知公告',1,8,'notice','system/notice/index','','',1,0,'C','1','0','system:notice:list','message','admin','2025-12-24 23:39:31','admin','2026-01-03 16:33:55','通知公告菜单'),(108,'日志管理',1,9,'log','','','',1,0,'M','0','0','','log','admin','2025-12-24 23:39:31','',NULL,'日志管理菜单'),(109,'在线用户',2,1,'online','monitor/online/index','','',1,0,'C','0','0','monitor:online:list','online','admin','2025-12-24 23:39:31','',NULL,'在线用户菜单'),(110,'定时任务',2,2,'job','monitor/job/index','','',1,0,'C','0','0','monitor:job:list','job','admin','2025-12-24 23:39:31','',NULL,'定时任务菜单'),(111,'数据监控',2,3,'druid','monitor/druid/index','','',1,0,'C','0','0','monitor:druid:list','druid','admin','2025-12-24 23:39:31','',NULL,'数据监控菜单'),(112,'服务监控',2,4,'server','monitor/server/index','','',1,0,'C','0','0','monitor:server:list','server','admin','2025-12-24 23:39:31','',NULL,'服务监控菜单'),(113,'缓存监控',2,5,'cache','monitor/cache/index','','',1,0,'C','0','0','monitor:cache:list','redis','admin','2025-12-24 23:39:31','',NULL,'缓存监控菜单'),(114,'缓存列表',2,6,'cacheList','monitor/cache/list','','',1,0,'C','0','0','monitor:cache:list','redis-list','admin','2025-12-24 23:39:31','',NULL,'缓存列表菜单'),(115,'表单构建',3,1,'build','tool/build/index','','',1,0,'C','0','0','tool:build:list','build','admin','2025-12-24 23:39:31','',NULL,'表单构建菜单'),(116,'代码生成',3,2,'gen','tool/gen/index','','',1,0,'C','0','0','tool:gen:list','code','admin','2025-12-24 23:39:31','',NULL,'代码生成菜单'),(117,'系统接口',3,3,'swagger','tool/swagger/index','','',1,0,'C','0','0','tool:swagger:list','swagger','admin','2025-12-24 23:39:31','',NULL,'系统接口菜单'),(500,'操作日志',108,1,'operlog','monitor/operlog/index','','',1,0,'C','0','0','monitor:operlog:list','form','admin','2025-12-24 23:39:31','',NULL,'操作日志菜单'),(501,'登录日志',108,2,'logininfor','monitor/logininfor/index','','',1,0,'C','0','0','monitor:logininfor:list','logininfor','admin','2025-12-24 23:39:31','',NULL,'登录日志菜单'),(1000,'用户查询',100,1,'','','','',1,0,'F','0','0','system:user:query','#','admin','2025-12-24 23:39:31','',NULL,''),(1001,'用户新增',100,2,'','','','',1,0,'F','0','0','system:user:add','#','admin','2025-12-24 23:39:31','',NULL,''),(1002,'用户修改',100,3,'','','','',1,0,'F','0','0','system:user:edit','#','admin','2025-12-24 23:39:31','',NULL,''),(1003,'用户删除',100,4,'','','','',1,0,'F','0','0','system:user:remove','#','admin','2025-12-24 23:39:32','',NULL,''),(1004,'用户导出',100,5,'','','','',1,0,'F','0','0','system:user:export','#','admin','2025-12-24 23:39:32','',NULL,''),(1005,'用户导入',100,6,'','','','',1,0,'F','0','0','system:user:import','#','admin','2025-12-24 23:39:32','',NULL,''),(1006,'重置密码',100,7,'','','','',1,0,'F','0','0','system:user:resetPwd','#','admin','2025-12-24 23:39:32','',NULL,''),(1007,'角色查询',101,1,'','','','',1,0,'F','0','0','system:role:query','#','admin','2025-12-24 23:39:32','',NULL,''),(1008,'角色新增',101,2,'','','','',1,0,'F','0','0','system:role:add','#','admin','2025-12-24 23:39:32','',NULL,''),(1009,'角色修改',101,3,'','','','',1,0,'F','0','0','system:role:edit','#','admin','2025-12-24 23:39:32','',NULL,''),(1010,'角色删除',101,4,'','','','',1,0,'F','0','0','system:role:remove','#','admin','2025-12-24 23:39:32','',NULL,''),(1011,'角色导出',101,5,'','','','',1,0,'F','0','0','system:role:export','#','admin','2025-12-24 23:39:32','',NULL,''),(1012,'菜单查询',102,1,'','','','',1,0,'F','0','0','system:menu:query','#','admin','2025-12-24 23:39:32','',NULL,''),(1013,'菜单新增',102,2,'','','','',1,0,'F','0','0','system:menu:add','#','admin','2025-12-24 23:39:32','',NULL,''),(1014,'菜单修改',102,3,'','','','',1,0,'F','0','0','system:menu:edit','#','admin','2025-12-24 23:39:32','',NULL,''),(1015,'菜单删除',102,4,'','','','',1,0,'F','0','0','system:menu:remove','#','admin','2025-12-24 23:39:32','',NULL,''),(1016,'部门查询',103,1,'','','','',1,0,'F','0','0','system:dept:query','#','admin','2025-12-24 23:39:32','',NULL,''),(1017,'部门新增',103,2,'','','','',1,0,'F','0','0','system:dept:add','#','admin','2025-12-24 23:39:32','',NULL,''),(1018,'部门修改',103,3,'','','','',1,0,'F','0','0','system:dept:edit','#','admin','2025-12-24 23:39:32','',NULL,''),(1019,'部门删除',103,4,'','','','',1,0,'F','0','0','system:dept:remove','#','admin','2025-12-24 23:39:32','',NULL,''),(1020,'岗位查询',104,1,'','','','',1,0,'F','0','0','system:post:query','#','admin','2025-12-24 23:39:32','',NULL,''),(1021,'岗位新增',104,2,'','','','',1,0,'F','0','0','system:post:add','#','admin','2025-12-24 23:39:32','',NULL,''),(1022,'岗位修改',104,3,'','','','',1,0,'F','0','0','system:post:edit','#','admin','2025-12-24 23:39:32','',NULL,''),(1023,'岗位删除',104,4,'','','','',1,0,'F','0','0','system:post:remove','#','admin','2025-12-24 23:39:32','',NULL,''),(1024,'岗位导出',104,5,'','','','',1,0,'F','0','0','system:post:export','#','admin','2025-12-24 23:39:32','',NULL,''),(1025,'字典查询',105,1,'#','','','',1,0,'F','0','0','system:dict:query','#','admin','2025-12-24 23:39:32','',NULL,''),(1026,'字典新增',105,2,'#','','','',1,0,'F','0','0','system:dict:add','#','admin','2025-12-24 23:39:32','',NULL,''),(1027,'字典修改',105,3,'#','','','',1,0,'F','0','0','system:dict:edit','#','admin','2025-12-24 23:39:32','',NULL,''),(1028,'字典删除',105,4,'#','','','',1,0,'F','0','0','system:dict:remove','#','admin','2025-12-24 23:39:32','',NULL,''),(1029,'字典导出',105,5,'#','','','',1,0,'F','0','0','system:dict:export','#','admin','2025-12-24 23:39:32','',NULL,''),(1030,'参数查询',106,1,'#','','','',1,0,'F','0','0','system:config:query','#','admin','2025-12-24 23:39:32','',NULL,''),(1031,'参数新增',106,2,'#','','','',1,0,'F','0','0','system:config:add','#','admin','2025-12-24 23:39:32','',NULL,''),(1032,'参数修改',106,3,'#','','','',1,0,'F','0','0','system:config:edit','#','admin','2025-12-24 23:39:32','',NULL,''),(1033,'参数删除',106,4,'#','','','',1,0,'F','0','0','system:config:remove','#','admin','2025-12-24 23:39:32','',NULL,''),(1034,'参数导出',106,5,'#','','','',1,0,'F','0','0','system:config:export','#','admin','2025-12-24 23:39:32','',NULL,''),(1035,'公告查询',107,1,'#','','','',1,0,'F','0','0','system:notice:query','#','admin','2025-12-24 23:39:32','',NULL,''),(1036,'公告新增',107,2,'#','','','',1,0,'F','0','0','system:notice:add','#','admin','2025-12-24 23:39:32','',NULL,''),(1037,'公告修改',107,3,'#','','','',1,0,'F','0','0','system:notice:edit','#','admin','2025-12-24 23:39:32','',NULL,''),(1038,'公告删除',107,4,'#','','','',1,0,'F','0','0','system:notice:remove','#','admin','2025-12-24 23:39:32','',NULL,''),(1039,'操作查询',500,1,'#','','','',1,0,'F','0','0','monitor:operlog:query','#','admin','2025-12-24 23:39:32','',NULL,''),(1040,'操作删除',500,2,'#','','','',1,0,'F','0','0','monitor:operlog:remove','#','admin','2025-12-24 23:39:32','',NULL,''),(1041,'日志导出',500,3,'#','','','',1,0,'F','0','0','monitor:operlog:export','#','admin','2025-12-24 23:39:32','',NULL,''),(1042,'登录查询',501,1,'#','','','',1,0,'F','0','0','monitor:logininfor:query','#','admin','2025-12-24 23:39:32','',NULL,''),(1043,'登录删除',501,2,'#','','','',1,0,'F','0','0','monitor:logininfor:remove','#','admin','2025-12-24 23:39:32','',NULL,''),(1044,'日志导出',501,3,'#','','','',1,0,'F','0','0','monitor:logininfor:export','#','admin','2025-12-24 23:39:32','',NULL,''),(1045,'账户解锁',501,4,'#','','','',1,0,'F','0','0','monitor:logininfor:unlock','#','admin','2025-12-24 23:39:32','',NULL,''),(1046,'在线查询',109,1,'#','','','',1,0,'F','0','0','monitor:online:query','#','admin','2025-12-24 23:39:32','',NULL,''),(1047,'批量强退',109,2,'#','','','',1,0,'F','0','0','monitor:online:batchLogout','#','admin','2025-12-24 23:39:32','',NULL,''),(1048,'单条强退',109,3,'#','','','',1,0,'F','0','0','monitor:online:forceLogout','#','admin','2025-12-24 23:39:32','',NULL,''),(1049,'任务查询',110,1,'#','','','',1,0,'F','0','0','monitor:job:query','#','admin','2025-12-24 23:39:32','',NULL,''),(1050,'任务新增',110,2,'#','','','',1,0,'F','0','0','monitor:job:add','#','admin','2025-12-24 23:39:32','',NULL,''),(1051,'任务修改',110,3,'#','','','',1,0,'F','0','0','monitor:job:edit','#','admin','2025-12-24 23:39:32','',NULL,''),(1052,'任务删除',110,4,'#','','','',1,0,'F','0','0','monitor:job:remove','#','admin','2025-12-24 23:39:32','',NULL,''),(1053,'状态修改',110,5,'#','','','',1,0,'F','0','0','monitor:job:changeStatus','#','admin','2025-12-24 23:39:32','',NULL,''),(1054,'任务导出',110,6,'#','','','',1,0,'F','0','0','monitor:job:export','#','admin','2025-12-24 23:39:32','',NULL,''),(1055,'生成查询',116,1,'#','','','',1,0,'F','0','0','tool:gen:query','#','admin','2025-12-24 23:39:32','',NULL,''),(1056,'生成修改',116,2,'#','','','',1,0,'F','0','0','tool:gen:edit','#','admin','2025-12-24 23:39:32','',NULL,''),(1057,'生成删除',116,3,'#','','','',1,0,'F','0','0','tool:gen:remove','#','admin','2025-12-24 23:39:32','',NULL,''),(1058,'导入代码',116,4,'#','','','',1,0,'F','0','0','tool:gen:import','#','admin','2025-12-24 23:39:32','',NULL,''),(1059,'预览代码',116,5,'#','','','',1,0,'F','0','0','tool:gen:preview','#','admin','2025-12-24 23:39:32','',NULL,''),(1060,'生成代码',116,6,'#','','','',1,0,'F','0','0','tool:gen:code','#','admin','2025-12-24 23:39:32','',NULL,''),(2000,'非遗分类',2000,1,'category','heritage/category/index',NULL,'',1,0,'C','0','0','heritage:category:list','#','admin','2025-12-24 23:40:34','',NULL,'非遗分类菜单'),(2001,'非遗分类查询',2000,1,'#','',NULL,'',1,0,'F','0','0','heritage:category:query','#','admin','2025-12-24 23:40:34','',NULL,''),(2002,'非遗分类新增',2000,2,'#','',NULL,'',1,0,'F','0','0','heritage:category:add','#','admin','2025-12-24 23:40:34','',NULL,''),(2003,'非遗分类修改',2000,3,'#','',NULL,'',1,0,'F','0','0','heritage:category:edit','#','admin','2025-12-24 23:40:34','',NULL,''),(2004,'非遗分类删除',2000,4,'#','',NULL,'',1,0,'F','0','0','heritage:category:remove','#','admin','2025-12-24 23:40:34','',NULL,''),(2005,'非遗分类导出',2000,5,'#','',NULL,'',1,0,'F','0','0','heritage:category:export','#','admin','2025-12-24 23:40:34','',NULL,''),(2013,'非遗管理',0,8,'heritage',NULL,NULL,'',1,0,'M','0','0','','server','admin','2025-12-25 00:00:00','admin','2026-01-02 19:13:43',''),(2014,'非遗分类',2013,1,'category','heritage/category/index',NULL,'',1,0,'C','0','0','heritage:category:list','tree','admin','2025-12-25 00:01:32','admin','2025-12-30 23:39:54','非遗分类菜单'),(2015,'非遗分类查询',2014,1,'#','',NULL,'',1,0,'F','0','0','heritage:category:query','#','admin','2025-12-25 00:01:32','',NULL,''),(2016,'非遗分类新增',2014,2,'#','',NULL,'',1,0,'F','0','0','heritage:category:add','#','admin','2025-12-25 00:01:32','',NULL,''),(2017,'非遗分类修改',2014,3,'#','',NULL,'',1,0,'F','0','0','heritage:category:edit','#','admin','2025-12-25 00:01:32','',NULL,''),(2018,'非遗分类删除',2014,4,'#','',NULL,'',1,0,'F','0','0','heritage:category:remove','#','admin','2025-12-25 00:01:32','',NULL,''),(2019,'非遗分类导出',2014,5,'#','',NULL,'',1,0,'F','0','0','heritage:category:export','#','admin','2025-12-25 00:01:32','',NULL,''),(2020,'非遗展品',2013,1,'heritage_manage','heritage/heritage_manage/index',NULL,'',1,0,'C','0','0','heritage:heritage_manage:list','form','admin','2025-12-25 00:01:32','admin','2025-12-30 23:40:47','非遗展品菜单'),(2021,'非遗展品查询',2020,1,'#','',NULL,'',1,0,'F','0','0','heritage:heritage_manage:query','#','admin','2025-12-25 00:01:32','',NULL,''),(2022,'非遗展品新增',2020,2,'#','',NULL,'',1,0,'F','0','0','heritage:heritage_manage:add','#','admin','2025-12-25 00:01:32','',NULL,''),(2023,'非遗展品修改',2020,3,'#','',NULL,'',1,0,'F','0','0','heritage:heritage_manage:edit','#','admin','2025-12-25 00:01:32','',NULL,''),(2024,'非遗展品删除',2020,4,'#','',NULL,'',1,0,'F','0','0','heritage:heritage_manage:remove','#','admin','2025-12-25 00:01:32','',NULL,''),(2025,'非遗展品导出',2020,5,'#','',NULL,'',1,0,'F','0','0','heritage:heritage_manage:export','#','admin','2025-12-25 00:01:32','',NULL,''),(2026,'非遗展厅',0,0,'exhibit','display/index',NULL,'HeritageDisplay',1,0,'C','0','0','','eye-open','admin','2025-12-26 00:16:48','admin','2026-01-03 16:43:46',''),(2027,'非遗详情',0,1,'display/detail/:id','display/detail',NULL,'HeritageDetail',1,0,'C','1','0','','color','admin','2025-12-26 23:06:06','admin','2026-01-27 19:33:57',''),(2028,'个人中心',0,9,'user-center',NULL,NULL,'',1,0,'M','0','0',NULL,'user','admin','2025-12-29 17:08:46','',NULL,''),(2029,'我的收藏',2028,1,'collection','heritage/user-center/collection',NULL,'',1,0,'C','0','0',NULL,'star','admin','2025-12-29 17:11:53','',NULL,''),(2030,'我的发布',2028,2,'my-publish','heritage/user-center/publish',NULL,'MyPublish',1,0,'C','0','0','','edit','admin','2025-12-31 12:22:39','admin','2026-01-03 16:58:39',''),(2031,'非遗传承人',2013,1,'inheritor','heritage/inheritor/index',NULL,'',1,0,'C','0','0','heritage:inheritor:list','tree-table','admin','2026-01-02 17:16:15','admin','2026-01-02 19:16:47','非遗传承人菜单'),(2032,'非遗传承人查询',2031,1,'#','',NULL,'',1,0,'F','0','0','heritage:inheritor:query','#','admin','2026-01-02 17:16:15','',NULL,''),(2033,'非遗传承人新增',2031,2,'#','',NULL,'',1,0,'F','0','0','heritage:inheritor:add','#','admin','2026-01-02 17:16:15','',NULL,''),(2034,'非遗传承人修改',2031,3,'#','',NULL,'',1,0,'F','0','0','heritage:inheritor:edit','#','admin','2026-01-02 17:16:15','',NULL,''),(2035,'非遗传承人删除',2031,4,'#','',NULL,'',1,0,'F','0','0','heritage:inheritor:remove','#','admin','2026-01-02 17:16:15','',NULL,''),(2036,'非遗传承人导出',2031,5,'#','',NULL,'',1,0,'F','0','0','heritage:inheritor:export','#','admin','2026-01-02 17:16:15','',NULL,''),(2037,'传承图谱',0,2,'inherit-map','heritage/inheritor/map',NULL,'',1,0,'C','0','0','','education','admin','2026-01-02 18:58:31','admin','2026-01-02 19:00:32',''),(2038,'审核中心',2013,4,'audit','heritage/heritage_manage/audit',NULL,'',1,0,'C','0','0','heritage:heritage_manage:audit','validCode','admin','2026-01-25 22:03:45','',NULL,''),(2039,'音频档案',2013,1,'audio','heritage/audio/index',NULL,'',1,0,'C','0','0','heritage:audio:list','clipboard','admin','2026-01-31 23:23:31','admin','2026-02-01 00:27:05','音频档案菜单'),(2040,'音频档案查询',2039,1,'#','',NULL,'',1,0,'F','0','0','heritage:audio:query','#','admin','2026-01-31 23:23:31','',NULL,''),(2041,'音频档案新增',2039,2,'#','',NULL,'',1,0,'F','0','0','heritage:audio:add','#','admin','2026-01-31 23:23:31','',NULL,''),(2042,'音频档案修改',2039,3,'#','',NULL,'',1,0,'F','0','0','heritage:audio:edit','#','admin','2026-01-31 23:23:31','',NULL,''),(2043,'音频档案删除',2039,4,'#','',NULL,'',1,0,'F','0','0','heritage:audio:remove','#','admin','2026-01-31 23:23:31','',NULL,''),(2044,'音频档案导出',2039,5,'#','',NULL,'',1,0,'F','0','0','heritage:audio:export','#','admin','2026-01-31 23:23:31','',NULL,''),(2045,'三道余音',0,3,'acoustic-view','display/audio',NULL,'',1,0,'C','0','0',NULL,'online','admin','2026-02-01 00:35:42','',NULL,''),(2046,'图集管理',2013,1,'gallery','heritage/gallery/index',NULL,'',1,0,'C','0','0','heritage:gallery:list','education','admin','2026-02-01 16:28:26','admin','2026-03-24 22:10:20','图集管理菜单'),(2047,'图集管理查询',2046,1,'#','',NULL,'',1,0,'F','0','0','heritage:gallery:query','#','admin','2026-02-01 16:28:27','',NULL,''),(2048,'图集管理新增',2046,2,'#','',NULL,'',1,0,'F','0','0','heritage:gallery:add','#','admin','2026-02-01 16:28:27','',NULL,''),(2049,'图集管理修改',2046,3,'#','',NULL,'',1,0,'F','0','0','heritage:gallery:edit','#','admin','2026-02-01 16:28:27','',NULL,''),(2050,'图集管理删除',2046,4,'#','',NULL,'',1,0,'F','0','0','heritage:gallery:remove','#','admin','2026-02-01 16:28:27','',NULL,''),(2051,'图集管理导出',2046,5,'#','',NULL,'',1,0,'F','0','0','heritage:gallery:export','#','admin','2026-02-01 16:28:27','',NULL,'');
/*!40000 ALTER TABLE `sys_menu` ENABLE KEYS */;
UNLOCK TABLES;

--
-- Table structure for table `sys_notice`
--

DROP TABLE IF EXISTS `sys_notice`;
/*!40101 SET @saved_cs_client     = @@character_set_client */;
/*!50503 SET character_set_client = utf8mb4 */;
CREATE TABLE `sys_notice` (
  `notice_id` int NOT NULL AUTO_INCREMENT COMMENT '公告ID',
  `notice_title` varchar(50) NOT NULL COMMENT '公告标题',
  `notice_type` char(1) NOT NULL COMMENT '公告类型（1通知 2公告）',
  `notice_content` longblob COMMENT '公告内容',
  `status` char(1) DEFAULT '0' COMMENT '公告状态（0正常 1关闭）',
  `create_by` varchar(64) DEFAULT '' COMMENT '创建者',
  `create_time` datetime DEFAULT NULL COMMENT '创建时间',
  `update_by` varchar(64) DEFAULT '' COMMENT '更新者',
  `update_time` datetime DEFAULT NULL COMMENT '更新时间',
  `remark` varchar(255) DEFAULT NULL COMMENT '备注',
  PRIMARY KEY (`notice_id`)
) ENGINE=InnoDB AUTO_INCREMENT=10 DEFAULT CHARSET=utf8mb4 COLLATE=utf8mb4_0900_ai_ci COMMENT='通知公告表';
/*!40101 SET character_set_client = @saved_cs_client */;

--
-- Dumping data for table `sys_notice`
--

LOCK TABLES `sys_notice` WRITE;
/*!40000 ALTER TABLE `sys_notice` DISABLE KEYS */;
INSERT INTO `sys_notice` VALUES (1,'温馨提醒：2018-07-01 若依新版本发布啦','2',_binary '新版本内容','0','admin','2025-12-24 23:39:35','',NULL,'管理员'),(2,'维护通知：2018-07-01 若依系统凌晨维护','1',_binary '维护内容','0','admin','2025-12-24 23:39:35','',NULL,'管理员');
/*!40000 ALTER TABLE `sys_notice` ENABLE KEYS */;
UNLOCK TABLES;

--
-- Table structure for table `sys_oper_log`
--

DROP TABLE IF EXISTS `sys_oper_log`;
/*!40101 SET @saved_cs_client     = @@character_set_client */;
/*!50503 SET character_set_client = utf8mb4 */;
CREATE TABLE `sys_oper_log` (
  `oper_id` bigint NOT NULL AUTO_INCREMENT COMMENT '日志主键',
  `title` varchar(50) DEFAULT '' COMMENT '模块标题',
  `business_type` int DEFAULT '0' COMMENT '业务类型（0其它 1新增 2修改 3删除）',
  `method` varchar(200) DEFAULT '' COMMENT '方法名称',
  `request_method` varchar(10) DEFAULT '' COMMENT '请求方式',
  `operator_type` int DEFAULT '0' COMMENT '操作类别（0其它 1后台用户 2手机端用户）',
  `oper_name` varchar(50) DEFAULT '' COMMENT '操作人员',
  `dept_name` varchar(50) DEFAULT '' COMMENT '部门名称',
  `oper_url` varchar(255) DEFAULT '' COMMENT '请求URL',
  `oper_ip` varchar(128) DEFAULT '' COMMENT '主机地址',
  `oper_location` varchar(255) DEFAULT '' COMMENT '操作地点',
  `oper_param` varchar(2000) DEFAULT '' COMMENT '请求参数',
  `json_result` varchar(2000) DEFAULT '' COMMENT '返回参数',
  `status` int DEFAULT '0' COMMENT '操作状态（0正常 1异常）',
  `error_msg` varchar(2000) DEFAULT '' COMMENT '错误消息',
  `oper_time` datetime DEFAULT NULL COMMENT '操作时间',
  `cost_time` bigint DEFAULT '0' COMMENT '消耗时间',
  PRIMARY KEY (`oper_id`),
  KEY `idx_sys_oper_log_bt` (`business_type`),
  KEY `idx_sys_oper_log_s` (`status`),
  KEY `idx_sys_oper_log_ot` (`oper_time`)
) ENGINE=InnoDB AUTO_INCREMENT=294 DEFAULT CHARSET=utf8mb4 COLLATE=utf8mb4_0900_ai_ci COMMENT='操作日志记录';
/*!40101 SET character_set_client = @saved_cs_client */;

--
-- Dumping data for table `sys_oper_log`
--

LOCK TABLES `sys_oper_log` WRITE;
/*!40000 ALTER TABLE `sys_oper_log` DISABLE KEYS */;
INSERT INTO `sys_oper_log` VALUES (100,'代码生成',6,'com.ruoyi.generator.controller.GenController.importTableSave()','POST',1,'admin','研发部门','/tool/gen/importTable','127.0.0.1','内网IP','{\"tables\":\"heritage_category,heritage_item\"}','{\"msg\":\"操作成功\",\"code\":200}',0,NULL,'2025-12-24 23:45:21',620),(101,'代码生成',2,'com.ruoyi.generator.controller.GenController.editSave()','PUT',1,'admin','研发部门','/tool/gen','127.0.0.1','内网IP','{\"businessName\":\"category\",\"className\":\"HeritageCategory\",\"columns\":[{\"capJavaField\":\"CategoryId\",\"columnComment\":\"分类ID\",\"columnId\":1,\"columnName\":\"category_id\",\"columnType\":\"bigint\",\"createBy\":\"admin\",\"createTime\":\"2025-12-24 23:45:20\",\"dictType\":\"\",\"edit\":false,\"htmlType\":\"input\",\"increment\":true,\"insert\":false,\"isIncrement\":\"1\",\"isInsert\":\"0\",\"isPk\":\"1\",\"isRequired\":\"0\",\"javaField\":\"categoryId\",\"javaType\":\"Long\",\"list\":false,\"params\":{},\"pk\":true,\"query\":false,\"queryType\":\"EQ\",\"required\":false,\"sort\":1,\"superColumn\":false,\"tableId\":1,\"updateBy\":\"\",\"usableColumn\":false},{\"capJavaField\":\"CategoryName\",\"columnComment\":\"分类名称\",\"columnId\":2,\"columnName\":\"category_name\",\"columnType\":\"varchar(100)\",\"createBy\":\"admin\",\"createTime\":\"2025-12-24 23:45:20\",\"dictType\":\"\",\"edit\":true,\"htmlType\":\"input\",\"increment\":false,\"insert\":true,\"isEdit\":\"1\",\"isIncrement\":\"0\",\"isInsert\":\"1\",\"isList\":\"1\",\"isPk\":\"0\",\"isQuery\":\"1\",\"isRequired\":\"1\",\"javaField\":\"categoryName\",\"javaType\":\"String\",\"list\":true,\"params\":{},\"pk\":false,\"query\":true,\"queryType\":\"LIKE\",\"required\":true,\"sort\":2,\"superColumn\":false,\"tableId\":1,\"updateBy\":\"\",\"usableColumn\":false},{\"capJavaField\":\"CategoryCode\",\"columnComment\":\"分类编码（可用于前端/接口过滤）\",\"columnId\":3,\"columnName\":\"category_code\",\"columnType\":\"varchar(100)\",\"createBy\":\"admin\",\"createTime\":\"2025-12-24 23:45:20\",\"dictType\":\"\",\"edit\":true,\"htmlType\":\"input\",\"increment\":false,\"insert\":true,\"isEdit\":\"1\",\"isIncrement\":\"0\",\"isInsert\":\"1\",\"isList\":\"1\",\"isPk\":\"0\",\"isQuery\":\"0\",\"isRequired\":\"0\",\"javaField\":\"categoryCode\",\"javaType\":\"String\",\"list\":true,\"params\":{},\"pk\":false,\"query\":false,\"queryType\":\"EQ\",\"required\":false,\"sort\":3,\"superColumn\":false,\"tableId\":1,\"updateBy\":\"\",\"usableColumn\":false},{\"capJavaField\":\"SortOrder\",\"columnComment\":\"显示顺序（越小越靠前）\",\"columnId\":4,\"columnName\":\"sort_order\",\"columnType\":\"int\",\"createBy\":\"admin\",\"createTime\":\"2025-12-24 23:45:20\",\"dictType\":\"\",\"edit\":true,\"htmlType\":\"input\",\"increment\":false,\"insert\":true,\"isEdit\":\"1\",\"isIncrement\":\"0\",\"isIn','{\"msg\":\"操作成功\",\"code\":200}',0,NULL,'2025-12-24 23:49:40',118),(102,'代码生成',2,'com.ruoyi.generator.controller.GenController.editSave()','PUT',1,'admin','研发部门','/tool/gen','127.0.0.1','内网IP','{\"businessName\":\"heritage_manage\",\"className\":\"HeritageItem\",\"columns\":[{\"capJavaField\":\"ItemId\",\"columnComment\":\"展品ID\",\"columnId\":12,\"columnName\":\"item_id\",\"columnType\":\"bigint\",\"createBy\":\"admin\",\"createTime\":\"2025-12-24 23:45:20\",\"dictType\":\"\",\"edit\":false,\"htmlType\":\"input\",\"increment\":true,\"insert\":false,\"isIncrement\":\"1\",\"isInsert\":\"0\",\"isPk\":\"1\",\"isRequired\":\"0\",\"javaField\":\"itemId\",\"javaType\":\"Long\",\"list\":false,\"params\":{},\"pk\":true,\"query\":false,\"queryType\":\"EQ\",\"required\":false,\"sort\":1,\"superColumn\":false,\"tableId\":2,\"updateBy\":\"\",\"usableColumn\":false},{\"capJavaField\":\"ItemName\",\"columnComment\":\"展品名称\",\"columnId\":13,\"columnName\":\"item_name\",\"columnType\":\"varchar(200)\",\"createBy\":\"admin\",\"createTime\":\"2025-12-24 23:45:20\",\"dictType\":\"\",\"edit\":true,\"htmlType\":\"input\",\"increment\":false,\"insert\":true,\"isEdit\":\"1\",\"isIncrement\":\"0\",\"isInsert\":\"1\",\"isList\":\"1\",\"isPk\":\"0\",\"isQuery\":\"1\",\"isRequired\":\"1\",\"javaField\":\"itemName\",\"javaType\":\"String\",\"list\":true,\"params\":{},\"pk\":false,\"query\":true,\"queryType\":\"LIKE\",\"required\":true,\"sort\":2,\"superColumn\":false,\"tableId\":2,\"updateBy\":\"\",\"usableColumn\":false},{\"capJavaField\":\"CategoryId\",\"columnComment\":\"分类ID（关联 heritage_category.category_id）\",\"columnId\":14,\"columnName\":\"category_id\",\"columnType\":\"bigint\",\"createBy\":\"admin\",\"createTime\":\"2025-12-24 23:45:20\",\"dictType\":\"\",\"edit\":true,\"htmlType\":\"select\",\"increment\":false,\"insert\":true,\"isEdit\":\"1\",\"isIncrement\":\"0\",\"isInsert\":\"1\",\"isList\":\"1\",\"isPk\":\"0\",\"isQuery\":\"0\",\"isRequired\":\"1\",\"javaField\":\"categoryId\",\"javaType\":\"Long\",\"list\":true,\"params\":{},\"pk\":false,\"query\":false,\"queryType\":\"EQ\",\"required\":true,\"sort\":3,\"superColumn\":false,\"tableId\":2,\"updateBy\":\"\",\"usableColumn\":false},{\"capJavaField\":\"CoverImage\",\"columnComment\":\"封面图片URL（相对路径）\",\"columnId\":15,\"columnName\":\"cover_image\",\"columnType\":\"varchar(500)\",\"createBy\":\"admin\",\"createTime\":\"2025-12-24 23:45:20\",\"dictType\":\"\",\"edit\":true,\"htmlType\":\"imageUpload\",\"increment\":false,\"insert\":true,\"isEdit\":\"1\",\"isIncrement\"','{\"msg\":\"操作成功\",\"code\":200}',0,NULL,'2025-12-24 23:54:50',130),(103,'代码生成',2,'com.ruoyi.generator.controller.GenController.editSave()','PUT',1,'admin','研发部门','/tool/gen','127.0.0.1','内网IP','{\"businessName\":\"category\",\"className\":\"HeritageCategory\",\"columns\":[{\"capJavaField\":\"CategoryId\",\"columnComment\":\"分类ID\",\"columnId\":1,\"columnName\":\"category_id\",\"columnType\":\"bigint\",\"createBy\":\"admin\",\"createTime\":\"2025-12-24 23:45:20\",\"dictType\":\"\",\"edit\":false,\"htmlType\":\"input\",\"increment\":true,\"insert\":false,\"isIncrement\":\"1\",\"isInsert\":\"0\",\"isPk\":\"1\",\"isRequired\":\"0\",\"javaField\":\"categoryId\",\"javaType\":\"Long\",\"list\":false,\"params\":{},\"pk\":true,\"query\":false,\"queryType\":\"EQ\",\"required\":false,\"sort\":1,\"superColumn\":false,\"tableId\":1,\"updateBy\":\"\",\"updateTime\":\"2025-12-24 23:49:40\",\"usableColumn\":false},{\"capJavaField\":\"CategoryName\",\"columnComment\":\"分类名称\",\"columnId\":2,\"columnName\":\"category_name\",\"columnType\":\"varchar(100)\",\"createBy\":\"admin\",\"createTime\":\"2025-12-24 23:45:20\",\"dictType\":\"\",\"edit\":true,\"htmlType\":\"input\",\"increment\":false,\"insert\":true,\"isEdit\":\"1\",\"isIncrement\":\"0\",\"isInsert\":\"1\",\"isList\":\"1\",\"isPk\":\"0\",\"isQuery\":\"1\",\"isRequired\":\"1\",\"javaField\":\"categoryName\",\"javaType\":\"String\",\"list\":true,\"params\":{},\"pk\":false,\"query\":true,\"queryType\":\"LIKE\",\"required\":true,\"sort\":2,\"superColumn\":false,\"tableId\":1,\"updateBy\":\"\",\"updateTime\":\"2025-12-24 23:49:40\",\"usableColumn\":false},{\"capJavaField\":\"CategoryCode\",\"columnComment\":\"分类编码（可用于前端/接口过滤）\",\"columnId\":3,\"columnName\":\"category_code\",\"columnType\":\"varchar(100)\",\"createBy\":\"admin\",\"createTime\":\"2025-12-24 23:45:20\",\"dictType\":\"\",\"edit\":true,\"htmlType\":\"input\",\"increment\":false,\"insert\":true,\"isEdit\":\"1\",\"isIncrement\":\"0\",\"isInsert\":\"1\",\"isList\":\"1\",\"isPk\":\"0\",\"isQuery\":\"0\",\"isRequired\":\"0\",\"javaField\":\"categoryCode\",\"javaType\":\"String\",\"list\":true,\"params\":{},\"pk\":false,\"query\":false,\"queryType\":\"EQ\",\"required\":false,\"sort\":3,\"superColumn\":false,\"tableId\":1,\"updateBy\":\"\",\"updateTime\":\"2025-12-24 23:49:40\",\"usableColumn\":false},{\"capJavaField\":\"SortOrder\",\"columnComment\":\"显示顺序（越小越靠前）\",\"columnId\":4,\"columnName\":\"sort_order\",\"columnType\":\"int\",\"createBy\":\"admin\",\"createTime\":\"2025-12-24 23:45:20\",\"dictTyp','{\"msg\":\"操作成功\",\"code\":200}',0,NULL,'2025-12-24 23:56:04',85),(104,'代码生成',2,'com.ruoyi.generator.controller.GenController.editSave()','PUT',1,'admin','研发部门','/tool/gen','127.0.0.1','内网IP','{\"businessName\":\"heritage_manage\",\"className\":\"HeritageItem\",\"columns\":[{\"capJavaField\":\"ItemId\",\"columnComment\":\"展品ID\",\"columnId\":12,\"columnName\":\"item_id\",\"columnType\":\"bigint\",\"createBy\":\"admin\",\"createTime\":\"2025-12-24 23:45:20\",\"dictType\":\"\",\"edit\":false,\"htmlType\":\"input\",\"increment\":true,\"insert\":false,\"isIncrement\":\"1\",\"isInsert\":\"0\",\"isPk\":\"1\",\"isRequired\":\"0\",\"javaField\":\"itemId\",\"javaType\":\"Long\",\"list\":false,\"params\":{},\"pk\":true,\"query\":false,\"queryType\":\"EQ\",\"required\":false,\"sort\":1,\"superColumn\":false,\"tableId\":2,\"updateBy\":\"\",\"updateTime\":\"2025-12-24 23:54:50\",\"usableColumn\":false},{\"capJavaField\":\"ItemName\",\"columnComment\":\"展品名称\",\"columnId\":13,\"columnName\":\"item_name\",\"columnType\":\"varchar(200)\",\"createBy\":\"admin\",\"createTime\":\"2025-12-24 23:45:20\",\"dictType\":\"\",\"edit\":true,\"htmlType\":\"input\",\"increment\":false,\"insert\":true,\"isEdit\":\"1\",\"isIncrement\":\"0\",\"isInsert\":\"1\",\"isList\":\"1\",\"isPk\":\"0\",\"isQuery\":\"1\",\"isRequired\":\"1\",\"javaField\":\"itemName\",\"javaType\":\"String\",\"list\":true,\"params\":{},\"pk\":false,\"query\":true,\"queryType\":\"LIKE\",\"required\":true,\"sort\":2,\"superColumn\":false,\"tableId\":2,\"updateBy\":\"\",\"updateTime\":\"2025-12-24 23:54:50\",\"usableColumn\":false},{\"capJavaField\":\"CategoryId\",\"columnComment\":\"分类ID（关联 heritage_category.category_id）\",\"columnId\":14,\"columnName\":\"category_id\",\"columnType\":\"bigint\",\"createBy\":\"admin\",\"createTime\":\"2025-12-24 23:45:20\",\"dictType\":\"\",\"edit\":true,\"htmlType\":\"select\",\"increment\":false,\"insert\":true,\"isEdit\":\"1\",\"isIncrement\":\"0\",\"isInsert\":\"1\",\"isList\":\"1\",\"isPk\":\"0\",\"isQuery\":\"1\",\"isRequired\":\"1\",\"javaField\":\"categoryId\",\"javaType\":\"Long\",\"list\":true,\"params\":{},\"pk\":false,\"query\":true,\"queryType\":\"EQ\",\"required\":true,\"sort\":3,\"superColumn\":false,\"tableId\":2,\"updateBy\":\"\",\"updateTime\":\"2025-12-24 23:54:50\",\"usableColumn\":false},{\"capJavaField\":\"CoverImage\",\"columnComment\":\"封面图片URL（相对路径）\",\"columnId\":15,\"columnName\":\"cover_image\",\"columnType\":\"varchar(500)\",\"createBy\":\"admin\",\"createTime\":\"2025-12-24 23:45:20\",\"dict','{\"msg\":\"操作成功\",\"code\":200}',0,NULL,'2025-12-24 23:57:31',117),(105,'菜单管理',1,'com.ruoyi.web.controller.system.SysMenuController.add()','POST',1,'admin','研发部门','/system/menu','127.0.0.1','内网IP','{\"children\":[],\"createBy\":\"admin\",\"icon\":\"server\",\"isCache\":\"0\",\"isFrame\":\"1\",\"menuName\":\"非遗管理\",\"menuType\":\"M\",\"orderNum\":1,\"params\":{},\"parentId\":0,\"path\":\"heritage\",\"status\":\"0\",\"visible\":\"0\"} ','{\"msg\":\"操作成功\",\"code\":200}',0,NULL,'2025-12-24 23:58:16',36),(106,'代码生成',2,'com.ruoyi.generator.controller.GenController.editSave()','PUT',1,'admin','研发部门','/tool/gen','127.0.0.1','内网IP','{\"businessName\":\"category\",\"className\":\"HeritageCategory\",\"columns\":[{\"capJavaField\":\"CategoryId\",\"columnComment\":\"分类ID\",\"columnId\":1,\"columnName\":\"category_id\",\"columnType\":\"bigint\",\"createBy\":\"admin\",\"createTime\":\"2025-12-24 23:45:20\",\"dictType\":\"\",\"edit\":false,\"htmlType\":\"input\",\"increment\":true,\"insert\":false,\"isIncrement\":\"1\",\"isInsert\":\"0\",\"isPk\":\"1\",\"isRequired\":\"0\",\"javaField\":\"categoryId\",\"javaType\":\"Long\",\"list\":false,\"params\":{},\"pk\":true,\"query\":false,\"queryType\":\"EQ\",\"required\":false,\"sort\":1,\"superColumn\":false,\"tableId\":1,\"updateBy\":\"\",\"updateTime\":\"2025-12-24 23:56:04\",\"usableColumn\":false},{\"capJavaField\":\"CategoryName\",\"columnComment\":\"分类名称\",\"columnId\":2,\"columnName\":\"category_name\",\"columnType\":\"varchar(100)\",\"createBy\":\"admin\",\"createTime\":\"2025-12-24 23:45:20\",\"dictType\":\"\",\"edit\":true,\"htmlType\":\"input\",\"increment\":false,\"insert\":true,\"isEdit\":\"1\",\"isIncrement\":\"0\",\"isInsert\":\"1\",\"isList\":\"1\",\"isPk\":\"0\",\"isQuery\":\"1\",\"isRequired\":\"1\",\"javaField\":\"categoryName\",\"javaType\":\"String\",\"list\":true,\"params\":{},\"pk\":false,\"query\":true,\"queryType\":\"LIKE\",\"required\":true,\"sort\":2,\"superColumn\":false,\"tableId\":1,\"updateBy\":\"\",\"updateTime\":\"2025-12-24 23:56:04\",\"usableColumn\":false},{\"capJavaField\":\"CategoryCode\",\"columnComment\":\"分类编码（可用于前端/接口过滤）\",\"columnId\":3,\"columnName\":\"category_code\",\"columnType\":\"varchar(100)\",\"createBy\":\"admin\",\"createTime\":\"2025-12-24 23:45:20\",\"dictType\":\"\",\"edit\":true,\"htmlType\":\"input\",\"increment\":false,\"insert\":true,\"isEdit\":\"1\",\"isIncrement\":\"0\",\"isInsert\":\"1\",\"isList\":\"1\",\"isPk\":\"0\",\"isQuery\":\"0\",\"isRequired\":\"0\",\"javaField\":\"categoryCode\",\"javaType\":\"String\",\"list\":true,\"params\":{},\"pk\":false,\"query\":false,\"queryType\":\"EQ\",\"required\":false,\"sort\":3,\"superColumn\":false,\"tableId\":1,\"updateBy\":\"\",\"updateTime\":\"2025-12-24 23:56:04\",\"usableColumn\":false},{\"capJavaField\":\"SortOrder\",\"columnComment\":\"显示顺序（越小越靠前）\",\"columnId\":4,\"columnName\":\"sort_order\",\"columnType\":\"int\",\"createBy\":\"admin\",\"createTime\":\"2025-12-24 23:45:20\",\"dictTyp','{\"msg\":\"操作成功\",\"code\":200}',0,NULL,'2025-12-24 23:58:32',93),(107,'代码生成',2,'com.ruoyi.generator.controller.GenController.editSave()','PUT',1,'admin','研发部门','/tool/gen','127.0.0.1','内网IP','{\"businessName\":\"heritage_manage\",\"className\":\"HeritageItem\",\"columns\":[{\"capJavaField\":\"ItemId\",\"columnComment\":\"展品ID\",\"columnId\":12,\"columnName\":\"item_id\",\"columnType\":\"bigint\",\"createBy\":\"admin\",\"createTime\":\"2025-12-24 23:45:20\",\"dictType\":\"\",\"edit\":false,\"htmlType\":\"input\",\"increment\":true,\"insert\":false,\"isIncrement\":\"1\",\"isInsert\":\"0\",\"isPk\":\"1\",\"isRequired\":\"0\",\"javaField\":\"itemId\",\"javaType\":\"Long\",\"list\":false,\"params\":{},\"pk\":true,\"query\":false,\"queryType\":\"EQ\",\"required\":false,\"sort\":1,\"superColumn\":false,\"tableId\":2,\"updateBy\":\"\",\"updateTime\":\"2025-12-24 23:57:31\",\"usableColumn\":false},{\"capJavaField\":\"ItemName\",\"columnComment\":\"展品名称\",\"columnId\":13,\"columnName\":\"item_name\",\"columnType\":\"varchar(200)\",\"createBy\":\"admin\",\"createTime\":\"2025-12-24 23:45:20\",\"dictType\":\"\",\"edit\":true,\"htmlType\":\"input\",\"increment\":false,\"insert\":true,\"isEdit\":\"1\",\"isIncrement\":\"0\",\"isInsert\":\"1\",\"isList\":\"1\",\"isPk\":\"0\",\"isQuery\":\"1\",\"isRequired\":\"1\",\"javaField\":\"itemName\",\"javaType\":\"String\",\"list\":true,\"params\":{},\"pk\":false,\"query\":true,\"queryType\":\"LIKE\",\"required\":true,\"sort\":2,\"superColumn\":false,\"tableId\":2,\"updateBy\":\"\",\"updateTime\":\"2025-12-24 23:57:31\",\"usableColumn\":false},{\"capJavaField\":\"CategoryId\",\"columnComment\":\"分类ID（关联 heritage_category.category_id）\",\"columnId\":14,\"columnName\":\"category_id\",\"columnType\":\"bigint\",\"createBy\":\"admin\",\"createTime\":\"2025-12-24 23:45:20\",\"dictType\":\"\",\"edit\":true,\"htmlType\":\"select\",\"increment\":false,\"insert\":true,\"isEdit\":\"1\",\"isIncrement\":\"0\",\"isInsert\":\"1\",\"isList\":\"1\",\"isPk\":\"0\",\"isQuery\":\"1\",\"isRequired\":\"1\",\"javaField\":\"categoryId\",\"javaType\":\"Long\",\"list\":true,\"params\":{},\"pk\":false,\"query\":true,\"queryType\":\"EQ\",\"required\":true,\"sort\":3,\"superColumn\":false,\"tableId\":2,\"updateBy\":\"\",\"updateTime\":\"2025-12-24 23:57:31\",\"usableColumn\":false},{\"capJavaField\":\"CoverImage\",\"columnComment\":\"封面图片URL（相对路径）\",\"columnId\":15,\"columnName\":\"cover_image\",\"columnType\":\"varchar(500)\",\"createBy\":\"admin\",\"createTime\":\"2025-12-24 23:45:20\",\"dict','{\"msg\":\"操作成功\",\"code\":200}',0,NULL,'2025-12-24 23:58:38',114),(108,'菜单管理',3,'com.ruoyi.web.controller.system.SysMenuController.remove()','DELETE',1,'admin','研发部门','/system/menu/2006','127.0.0.1','内网IP','2006 ','{\"msg\":\"存在子菜单,不允许删除\",\"code\":601}',0,NULL,'2025-12-24 23:58:49',8),(109,'菜单管理',3,'com.ruoyi.web.controller.system.SysMenuController.remove()','DELETE',1,'admin','研发部门','/system/menu/2007','127.0.0.1','内网IP','2007 ','{\"msg\":\"操作成功\",\"code\":200}',0,NULL,'2025-12-24 23:58:55',48),(110,'菜单管理',3,'com.ruoyi.web.controller.system.SysMenuController.remove()','DELETE',1,'admin','研发部门','/system/menu/2008','127.0.0.1','内网IP','2008 ','{\"msg\":\"操作成功\",\"code\":200}',0,NULL,'2025-12-24 23:58:59',24),(111,'菜单管理',3,'com.ruoyi.web.controller.system.SysMenuController.remove()','DELETE',1,'admin','研发部门','/system/menu/2009','127.0.0.1','内网IP','2009 ','{\"msg\":\"操作成功\",\"code\":200}',0,NULL,'2025-12-24 23:59:02',30),(112,'菜单管理',3,'com.ruoyi.web.controller.system.SysMenuController.remove()','DELETE',1,'admin','研发部门','/system/menu/2010','127.0.0.1','内网IP','2010 ','{\"msg\":\"操作成功\",\"code\":200}',0,NULL,'2025-12-24 23:59:04',23),(113,'菜单管理',3,'com.ruoyi.web.controller.system.SysMenuController.remove()','DELETE',1,'admin','研发部门','/system/menu/2011','127.0.0.1','内网IP','2011 ','{\"msg\":\"操作成功\",\"code\":200}',0,NULL,'2025-12-24 23:59:06',25),(114,'菜单管理',3,'com.ruoyi.web.controller.system.SysMenuController.remove()','DELETE',1,'admin','研发部门','/system/menu/2012','127.0.0.1','内网IP','2012 ','{\"msg\":\"操作成功\",\"code\":200}',0,NULL,'2025-12-24 23:59:10',30),(115,'菜单管理',3,'com.ruoyi.web.controller.system.SysMenuController.remove()','DELETE',1,'admin','研发部门','/system/menu/2006','127.0.0.1','内网IP','2006 ','{\"msg\":\"操作成功\",\"code\":200}',0,NULL,'2025-12-24 23:59:23',21),(116,'菜单管理',1,'com.ruoyi.web.controller.system.SysMenuController.add()','POST',1,'admin','研发部门','/system/menu','127.0.0.1','内网IP','{\"children\":[],\"createBy\":\"admin\",\"icon\":\"server\",\"isCache\":\"0\",\"isFrame\":\"1\",\"menuName\":\"非遗管理\",\"menuType\":\"M\",\"orderNum\":1,\"params\":{},\"parentId\":0,\"path\":\"heritage\",\"status\":\"0\",\"visible\":\"0\"} ','{\"msg\":\"操作成功\",\"code\":200}',0,NULL,'2025-12-25 00:00:00',22),(117,'代码生成',2,'com.ruoyi.generator.controller.GenController.editSave()','PUT',1,'admin','研发部门','/tool/gen','127.0.0.1','内网IP','{\"businessName\":\"category\",\"className\":\"HeritageCategory\",\"columns\":[{\"capJavaField\":\"CategoryId\",\"columnComment\":\"分类ID\",\"columnId\":1,\"columnName\":\"category_id\",\"columnType\":\"bigint\",\"createBy\":\"admin\",\"createTime\":\"2025-12-24 23:45:20\",\"dictType\":\"\",\"edit\":false,\"htmlType\":\"input\",\"increment\":true,\"insert\":false,\"isIncrement\":\"1\",\"isInsert\":\"0\",\"isPk\":\"1\",\"isRequired\":\"0\",\"javaField\":\"categoryId\",\"javaType\":\"Long\",\"list\":false,\"params\":{},\"pk\":true,\"query\":false,\"queryType\":\"EQ\",\"required\":false,\"sort\":1,\"superColumn\":false,\"tableId\":1,\"updateBy\":\"\",\"updateTime\":\"2025-12-24 23:58:31\",\"usableColumn\":false},{\"capJavaField\":\"CategoryName\",\"columnComment\":\"分类名称\",\"columnId\":2,\"columnName\":\"category_name\",\"columnType\":\"varchar(100)\",\"createBy\":\"admin\",\"createTime\":\"2025-12-24 23:45:20\",\"dictType\":\"\",\"edit\":true,\"htmlType\":\"input\",\"increment\":false,\"insert\":true,\"isEdit\":\"1\",\"isIncrement\":\"0\",\"isInsert\":\"1\",\"isList\":\"1\",\"isPk\":\"0\",\"isQuery\":\"1\",\"isRequired\":\"1\",\"javaField\":\"categoryName\",\"javaType\":\"String\",\"list\":true,\"params\":{},\"pk\":false,\"query\":true,\"queryType\":\"LIKE\",\"required\":true,\"sort\":2,\"superColumn\":false,\"tableId\":1,\"updateBy\":\"\",\"updateTime\":\"2025-12-24 23:58:31\",\"usableColumn\":false},{\"capJavaField\":\"CategoryCode\",\"columnComment\":\"分类编码（可用于前端/接口过滤）\",\"columnId\":3,\"columnName\":\"category_code\",\"columnType\":\"varchar(100)\",\"createBy\":\"admin\",\"createTime\":\"2025-12-24 23:45:20\",\"dictType\":\"\",\"edit\":true,\"htmlType\":\"input\",\"increment\":false,\"insert\":true,\"isEdit\":\"1\",\"isIncrement\":\"0\",\"isInsert\":\"1\",\"isList\":\"1\",\"isPk\":\"0\",\"isQuery\":\"0\",\"isRequired\":\"0\",\"javaField\":\"categoryCode\",\"javaType\":\"String\",\"list\":true,\"params\":{},\"pk\":false,\"query\":false,\"queryType\":\"EQ\",\"required\":false,\"sort\":3,\"superColumn\":false,\"tableId\":1,\"updateBy\":\"\",\"updateTime\":\"2025-12-24 23:58:31\",\"usableColumn\":false},{\"capJavaField\":\"SortOrder\",\"columnComment\":\"显示顺序（越小越靠前）\",\"columnId\":4,\"columnName\":\"sort_order\",\"columnType\":\"int\",\"createBy\":\"admin\",\"createTime\":\"2025-12-24 23:45:20\",\"dictTyp','{\"msg\":\"操作成功\",\"code\":200}',0,NULL,'2025-12-25 00:00:13',74),(118,'代码生成',2,'com.ruoyi.generator.controller.GenController.editSave()','PUT',1,'admin','研发部门','/tool/gen','127.0.0.1','内网IP','{\"businessName\":\"heritage_manage\",\"className\":\"HeritageItem\",\"columns\":[{\"capJavaField\":\"ItemId\",\"columnComment\":\"展品ID\",\"columnId\":12,\"columnName\":\"item_id\",\"columnType\":\"bigint\",\"createBy\":\"admin\",\"createTime\":\"2025-12-24 23:45:20\",\"dictType\":\"\",\"edit\":false,\"htmlType\":\"input\",\"increment\":true,\"insert\":false,\"isIncrement\":\"1\",\"isInsert\":\"0\",\"isPk\":\"1\",\"isRequired\":\"0\",\"javaField\":\"itemId\",\"javaType\":\"Long\",\"list\":false,\"params\":{},\"pk\":true,\"query\":false,\"queryType\":\"EQ\",\"required\":false,\"sort\":1,\"superColumn\":false,\"tableId\":2,\"updateBy\":\"\",\"updateTime\":\"2025-12-24 23:58:38\",\"usableColumn\":false},{\"capJavaField\":\"ItemName\",\"columnComment\":\"展品名称\",\"columnId\":13,\"columnName\":\"item_name\",\"columnType\":\"varchar(200)\",\"createBy\":\"admin\",\"createTime\":\"2025-12-24 23:45:20\",\"dictType\":\"\",\"edit\":true,\"htmlType\":\"input\",\"increment\":false,\"insert\":true,\"isEdit\":\"1\",\"isIncrement\":\"0\",\"isInsert\":\"1\",\"isList\":\"1\",\"isPk\":\"0\",\"isQuery\":\"1\",\"isRequired\":\"1\",\"javaField\":\"itemName\",\"javaType\":\"String\",\"list\":true,\"params\":{},\"pk\":false,\"query\":true,\"queryType\":\"LIKE\",\"required\":true,\"sort\":2,\"superColumn\":false,\"tableId\":2,\"updateBy\":\"\",\"updateTime\":\"2025-12-24 23:58:38\",\"usableColumn\":false},{\"capJavaField\":\"CategoryId\",\"columnComment\":\"分类ID（关联 heritage_category.category_id）\",\"columnId\":14,\"columnName\":\"category_id\",\"columnType\":\"bigint\",\"createBy\":\"admin\",\"createTime\":\"2025-12-24 23:45:20\",\"dictType\":\"\",\"edit\":true,\"htmlType\":\"select\",\"increment\":false,\"insert\":true,\"isEdit\":\"1\",\"isIncrement\":\"0\",\"isInsert\":\"1\",\"isList\":\"1\",\"isPk\":\"0\",\"isQuery\":\"1\",\"isRequired\":\"1\",\"javaField\":\"categoryId\",\"javaType\":\"Long\",\"list\":true,\"params\":{},\"pk\":false,\"query\":true,\"queryType\":\"EQ\",\"required\":true,\"sort\":3,\"superColumn\":false,\"tableId\":2,\"updateBy\":\"\",\"updateTime\":\"2025-12-24 23:58:38\",\"usableColumn\":false},{\"capJavaField\":\"CoverImage\",\"columnComment\":\"封面图片URL（相对路径）\",\"columnId\":15,\"columnName\":\"cover_image\",\"columnType\":\"varchar(500)\",\"createBy\":\"admin\",\"createTime\":\"2025-12-24 23:45:20\",\"dict','{\"msg\":\"操作成功\",\"code\":200}',0,NULL,'2025-12-25 00:00:22',98),(119,'代码生成',8,'com.ruoyi.generator.controller.GenController.batchGenCode()','GET',1,'admin','研发部门','/tool/gen/batchGenCode','127.0.0.1','内网IP','{\"tables\":\"heritage_category,heritage_item\"}',NULL,0,NULL,'2025-12-25 00:00:35',393),(120,'非遗分类',2,'com.ruoyi.heritage.controller.HeritageCategoryController.edit()','PUT',1,'admin','研发部门','/heritage/category','127.0.0.1','内网IP','{\"categoryCode\":\"FOLK\",\"categoryId\":4,\"categoryName\":\"民俗活动\",\"createBy\":\"admin\",\"createTime\":\"2025-12-24 23:10:31\",\"delFlag\":\"0\",\"params\":{},\"remark\":\"白族传统节日与民俗活动\",\"sortOrder\":4,\"status\":1,\"updateBy\":\"\",\"updateTime\":\"2025-12-25 23:34:31\"} ','{\"msg\":\"操作成功\",\"code\":200}',0,NULL,'2025-12-25 23:34:31',89),(121,'菜单管理',1,'com.ruoyi.web.controller.system.SysMenuController.add()','POST',1,'admin','研发部门','/system/menu','127.0.0.1','内网IP','{\"children\":[],\"component\":\"display/index\",\"createBy\":\"admin\",\"icon\":\"eye-open\",\"isCache\":\"0\",\"isFrame\":\"1\",\"menuName\":\"非遗展厅\",\"menuType\":\"C\",\"orderNum\":1,\"params\":{},\"parentId\":0,\"path\":\"exhibit\",\"perms\":\"heritage:display:view\",\"routeName\":\"HeritageDisplay\",\"status\":\"0\",\"visible\":\"0\"} ','{\"msg\":\"操作成功\",\"code\":200}',0,NULL,'2025-12-26 00:16:48',116),(122,'菜单管理',2,'com.ruoyi.web.controller.system.SysMenuController.edit()','PUT',1,'admin','研发部门','/system/menu','127.0.0.1','内网IP','{\"children\":[],\"createTime\":\"2025-12-24 23:39:31\",\"icon\":\"system\",\"isCache\":\"0\",\"isFrame\":\"1\",\"menuId\":1,\"menuName\":\"系统管理\",\"menuType\":\"M\",\"orderNum\":2,\"params\":{},\"parentId\":0,\"path\":\"system\",\"perms\":\"\",\"query\":\"\",\"routeName\":\"\",\"status\":\"0\",\"updateBy\":\"admin\",\"visible\":\"0\"} ','{\"msg\":\"操作成功\",\"code\":200}',0,NULL,'2025-12-26 00:17:14',36),(123,'菜单管理',2,'com.ruoyi.web.controller.system.SysMenuController.edit()','PUT',1,'admin','研发部门','/system/menu','127.0.0.1','内网IP','{\"children\":[],\"component\":\"display/index\",\"createTime\":\"2025-12-26 00:16:48\",\"icon\":\"eye-open\",\"isCache\":\"0\",\"isFrame\":\"1\",\"menuId\":2026,\"menuName\":\"非遗展厅\",\"menuType\":\"C\",\"orderNum\":0,\"params\":{},\"parentId\":0,\"path\":\"exhibit\",\"perms\":\"heritage:display:view\",\"routeName\":\"HeritageDisplay\",\"status\":\"0\",\"updateBy\":\"admin\",\"visible\":\"0\"} ','{\"msg\":\"操作成功\",\"code\":200}',0,NULL,'2025-12-26 00:17:24',40),(124,'非遗展品',2,'com.ruoyi.heritage.controller.HeritageItemController.edit()','PUT',1,'admin','研发部门','/heritage/heritage_manage','127.0.0.1','内网IP','{\"categoryId\":2,\"coverImage\":\"/profile/upload/2025/12/26/服饰01_20251226145937A001.png\",\"craft\":\"<p>手工缝制并有精美刺绣</p>\",\"createBy\":\"admin\",\"createTime\":\"2025-12-24 23:10:31\",\"delFlag\":\"0\",\"description\":\"白族传统服装以白色为主\",\"history\":\"<p>白族自称\\\"白子\\\"，服饰以白色为尊...</p>\",\"isRecommend\":0,\"itemId\":2,\"itemName\":\"白族服饰\",\"likeCount\":0,\"modelFile\":\"/profile/upload/model2.glb\",\"params\":{},\"sortOrder\":2,\"status\":0,\"updateBy\":\"\",\"updateTime\":\"2025-12-26 14:59:45\",\"viewCount\":0} ','{\"msg\":\"操作成功\",\"code\":200}',0,NULL,'2025-12-26 14:59:45',48),(125,'非遗展品',2,'com.ruoyi.heritage.controller.HeritageItemController.edit()','PUT',1,'admin','研发部门','/heritage/heritage_manage','127.0.0.1','内网IP','{\"categoryId\":1,\"coverImage\":\"/profile/upload/2025/12/26/扎染01_20251226163517A002.jpg\",\"craft\":\"<p>采用天然植物染料，通过扎结、浸染等工序...</p>\",\"createBy\":\"admin\",\"createTime\":\"2025-12-24 23:10:31\",\"delFlag\":\"0\",\"description\":\"白族扎染是一种古老的染色工艺\",\"history\":\"<p>扎染技艺源于千年前...</p>\",\"isRecommend\":0,\"itemId\":1,\"itemName\":\"白族扎染\",\"likeCount\":0,\"modelFile\":\"/profile/upload/model1.glb\",\"params\":{},\"sortOrder\":1,\"status\":0,\"updateBy\":\"\",\"updateTime\":\"2025-12-26 16:35:21\",\"viewCount\":0} ','{\"msg\":\"操作成功\",\"code\":200}',0,NULL,'2025-12-26 16:35:21',22),(126,'非遗展品',2,'com.ruoyi.heritage.controller.HeritageItemController.edit()','PUT',1,'admin','研发部门','/heritage/heritage_manage','127.0.0.1','内网IP','{\"categoryId\":2,\"coverImage\":\"/profile/upload/2025/12/26/服饰01_20251226163540A003.jpg\",\"craft\":\"<p>手工缝制并有精美刺绣</p>\",\"createBy\":\"admin\",\"createTime\":\"2025-12-24 23:10:31\",\"delFlag\":\"0\",\"description\":\"白族传统服装以白色为主\",\"history\":\"<p>白族自称\\\"白子\\\"，服饰以白色为尊...</p>\",\"isRecommend\":0,\"itemId\":2,\"itemName\":\"白族服饰\",\"likeCount\":0,\"modelFile\":\"/profile/upload/model2.glb\",\"params\":{},\"sortOrder\":2,\"status\":0,\"updateBy\":\"\",\"updateTime\":\"2025-12-26 16:35:43\",\"viewCount\":0} ','{\"msg\":\"操作成功\",\"code\":200}',0,NULL,'2025-12-26 16:35:44',18),(127,'非遗展品',2,'com.ruoyi.heritage.controller.HeritageItemController.edit()','PUT',1,'admin','研发部门','/heritage/heritage_manage','127.0.0.1','内网IP','{\"categoryId\":1,\"coverImage\":\"/profile/upload/2025/12/26/扎染01_20251226163517A002.jpg\",\"craft\":\"<p>采用天然植物染料，通过扎结、浸染等工序...</p>\",\"createBy\":\"admin\",\"createTime\":\"2025-12-24 23:10:31\",\"delFlag\":\"0\",\"description\":\"白族扎染是一种古老的染色工艺\",\"history\":\"<p>扎染技艺源于千年前...</p>\",\"isRecommend\":0,\"itemId\":1,\"itemName\":\"扎染\",\"likeCount\":0,\"modelFile\":\"/profile/upload/model1.glb\",\"params\":{},\"sortOrder\":1,\"status\":0,\"updateBy\":\"\",\"updateTime\":\"2025-12-26 16:36:13\",\"viewCount\":0} ','{\"msg\":\"操作成功\",\"code\":200}',0,NULL,'2025-12-26 16:36:13',17),(128,'非遗展品',2,'com.ruoyi.heritage.controller.HeritageItemController.edit()','PUT',1,'admin','研发部门','/heritage/heritage_manage','127.0.0.1','内网IP','{\"categoryId\":1,\"coverImage\":\"/profile/upload/2025/12/26/扎染01_20251226163517A002.jpg\",\"craft\":\"<p>采用天然植物染料，通过扎结、浸染等工序...</p>\",\"createBy\":\"admin\",\"createTime\":\"2025-12-24 23:10:31\",\"delFlag\":\"0\",\"description\":\"白族扎染是一种古老的染色工艺\",\"history\":\"<p>扎染技艺源于千年前...</p>\",\"isRecommend\":0,\"itemId\":1,\"itemName\":\"白族扎染\",\"likeCount\":0,\"modelFile\":\"/profile/upload/model1.glb\",\"params\":{},\"sortOrder\":1,\"status\":0,\"updateBy\":\"\",\"updateTime\":\"2025-12-26 16:36:29\",\"viewCount\":0} ','{\"msg\":\"操作成功\",\"code\":200}',0,NULL,'2025-12-26 16:36:29',16),(129,'非遗展品',1,'com.ruoyi.heritage.controller.HeritageItemController.add()','POST',1,'admin','研发部门','/heritage/heritage_manage','127.0.0.1','内网IP','{\"categoryId\":1,\"coverImage\":\"/profile/upload/2025/12/26/木雕01_20251226163657A004.jpg\",\"craft\":\"<p>白族木雕</p>\",\"createTime\":\"2025-12-26 16:37:47\",\"description\":\"白族木雕\",\"history\":\"<p>白族木雕</p>\",\"itemId\":3,\"itemName\":\"白族木雕\",\"params\":{},\"status\":0} ','{\"msg\":\"操作成功\",\"code\":200}',0,NULL,'2025-12-26 16:37:47',31),(130,'非遗展品',1,'com.ruoyi.heritage.controller.HeritageItemController.add()','POST',1,'admin','研发部门','/heritage/heritage_manage','127.0.0.1','内网IP','{\"categoryId\":1,\"coverImage\":\"/profile/upload/2025/12/26/扎染02_20251226163808A005.jpg\",\"craft\":\"<p>白族扎染</p>\",\"createTime\":\"2025-12-26 16:38:18\",\"description\":\"白族扎染\",\"history\":\"<p>白族扎染</p>\",\"itemId\":4,\"itemName\":\"白族扎染\",\"params\":{},\"status\":0} ','{\"msg\":\"操作成功\",\"code\":200}',0,NULL,'2025-12-26 16:38:18',18),(131,'非遗展品',1,'com.ruoyi.heritage.controller.HeritageItemController.add()','POST',1,'admin','研发部门','/heritage/heritage_manage','127.0.0.1','内网IP','{\"categoryId\":3,\"coverImage\":\"/profile/upload/2025/12/26/民居01_20251226165546A006.jpg\",\"craft\":\"<p>民居</p>\",\"createTime\":\"2025-12-26 16:56:01\",\"description\":\"民居\",\"history\":\"<p>民居</p>\",\"itemId\":5,\"itemName\":\"民居\",\"params\":{},\"status\":0} ','{\"msg\":\"操作成功\",\"code\":200}',0,NULL,'2025-12-26 16:56:01',22),(132,'非遗分类',2,'com.ruoyi.heritage.controller.HeritageCategoryController.edit()','PUT',1,'admin','研发部门','/heritage/category','127.0.0.1','内网IP','{\"categoryCode\":\"FOLK\",\"categoryId\":4,\"categoryName\":\"民俗活动\",\"createBy\":\"admin\",\"createTime\":\"2025-12-24 23:10:31\",\"delFlag\":\"0\",\"params\":{},\"remark\":\"白族传统节日与民俗活动\",\"sortOrder\":4,\"status\":0,\"updateBy\":\"\",\"updateTime\":\"2025-12-26 16:56:59\"} ','{\"msg\":\"操作成功\",\"code\":200}',0,NULL,'2025-12-26 16:56:59',22),(133,'非遗展品',1,'com.ruoyi.heritage.controller.HeritageItemController.add()','POST',1,'admin','研发部门','/heritage/heritage_manage','127.0.0.1','内网IP','{\"categoryId\":4,\"coverImage\":\"/profile/upload/2025/12/26/三道茶_20251226170846A007.jpg\",\"craft\":\"<p>三道茶</p>\",\"createTime\":\"2025-12-26 17:09:14\",\"description\":\"三道茶\",\"history\":\"<p>三道茶</p>\",\"itemId\":6,\"itemName\":\"三道茶\",\"params\":{},\"status\":0} ','{\"msg\":\"操作成功\",\"code\":200}',0,NULL,'2025-12-26 17:09:14',23),(134,'非遗展品',1,'com.ruoyi.heritage.controller.HeritageItemController.add()','POST',1,'admin','研发部门','/heritage/heritage_manage','127.0.0.1','内网IP','{\"categoryId\":3,\"coverImage\":\"/profile/upload/2025/12/26/建筑02_20251226170948A008.jpg\",\"craft\":\"<p>建筑</p>\",\"createTime\":\"2025-12-26 17:10:12\",\"description\":\"建筑\",\"history\":\"<p>白族建筑</p>\",\"itemId\":7,\"itemName\":\"建筑\",\"params\":{},\"status\":0} ','{\"msg\":\"操作成功\",\"code\":200}',0,NULL,'2025-12-26 17:10:12',18),(135,'非遗展品',1,'com.ruoyi.heritage.controller.HeritageItemController.add()','POST',1,'admin','研发部门','/heritage/heritage_manage','127.0.0.1','内网IP','{\"categoryId\":1,\"coverImage\":\"/profile/upload/2025/12/26/木雕02_20251226171042A009.jpg\",\"craft\":\"<p>木雕</p>\",\"createTime\":\"2025-12-26 17:10:56\",\"description\":\"木雕\",\"history\":\"<p>木雕</p>\",\"itemId\":8,\"itemName\":\"木雕\",\"params\":{},\"status\":0} ','{\"msg\":\"操作成功\",\"code\":200}',0,NULL,'2025-12-26 17:10:56',16),(136,'非遗展品',1,'com.ruoyi.heritage.controller.HeritageItemController.add()','POST',1,'admin','研发部门','/heritage/heritage_manage','127.0.0.1','内网IP','{\"categoryId\":3,\"coverImage\":\"/profile/upload/2025/12/26/建筑03_20251226171115A010.jpg\",\"craft\":\"<p>白族建筑</p>\",\"createTime\":\"2025-12-26 17:11:37\",\"description\":\"白族建筑\",\"history\":\"<p>白族建筑</p>\",\"itemId\":9,\"itemName\":\"建筑\",\"params\":{},\"status\":0} ','{\"msg\":\"操作成功\",\"code\":200}',0,NULL,'2025-12-26 17:11:37',14),(137,'非遗展品',2,'com.ruoyi.heritage.controller.HeritageItemController.edit()','PUT',1,'admin','研发部门','/heritage/heritage_manage','127.0.0.1','内网IP','{\"categoryId\":1,\"coverImage\":\"/profile/upload/2025/12/26/扎染01_20251226163517A002.jpg\",\"craft\":\"<p>采用天然植物染料，通过扎结、浸染等工序...</p>\",\"createBy\":\"admin\",\"createTime\":\"2025-12-24 23:10:31\",\"delFlag\":\"0\",\"description\":\"白族扎染是一种古老的染色工艺\",\"history\":\"<p>扎染技艺源于千年前...</p>\",\"isRecommend\":0,\"itemId\":1,\"itemName\":\"白族扎染\",\"likeCount\":0,\"modelFile\":\"/profile/upload/model1.glb\",\"params\":{},\"sortOrder\":1,\"status\":0,\"updateBy\":\"\",\"updateTime\":\"2025-12-26 17:46:23\",\"viewCount\":0} ','{\"msg\":\"操作成功\",\"code\":200}',0,NULL,'2025-12-26 17:46:23',18),(138,'菜单管理',1,'com.ruoyi.web.controller.system.SysMenuController.add()','POST',1,'admin','研发部门','/system/menu','127.0.0.1','内网IP','{\"children\":[],\"component\":\"heritage/display/detail\",\"createBy\":\"admin\",\"isCache\":\"0\",\"isFrame\":\"1\",\"menuName\":\"非遗详情\",\"menuType\":\"C\",\"orderNum\":1,\"params\":{},\"parentId\":0,\"path\":\"detail/:id\",\"routeName\":\"\",\"status\":\"0\",\"visible\":\"1\"} ','{\"msg\":\"操作成功\",\"code\":200}',0,NULL,'2025-12-26 23:06:06',52),(139,'菜单管理',2,'com.ruoyi.web.controller.system.SysMenuController.edit()','PUT',1,'admin','研发部门','/system/menu','127.0.0.1','内网IP','{\"children\":[],\"component\":\"display/detail\",\"createTime\":\"2025-12-26 23:06:06\",\"icon\":\"#\",\"isCache\":\"0\",\"isFrame\":\"1\",\"menuId\":2027,\"menuName\":\"非遗详情\",\"menuType\":\"C\",\"orderNum\":1,\"params\":{},\"parentId\":0,\"path\":\"detail/:id\",\"perms\":\"\",\"routeName\":\"\",\"status\":\"0\",\"updateBy\":\"admin\",\"visible\":\"1\"} ','{\"msg\":\"操作成功\",\"code\":200}',0,NULL,'2025-12-26 23:07:01',41),(140,'菜单管理',2,'com.ruoyi.web.controller.system.SysMenuController.edit()','PUT',1,'admin','研发部门','/system/menu','127.0.0.1','内网IP','{\"children\":[],\"component\":\"display/detail\",\"createTime\":\"2025-12-26 23:06:06\",\"icon\":\"#\",\"isCache\":\"0\",\"isFrame\":\"1\",\"menuId\":2027,\"menuName\":\"非遗详情\",\"menuType\":\"C\",\"orderNum\":1,\"params\":{},\"parentId\":0,\"path\":\"detail/:id\",\"perms\":\"\",\"routeName\":\"HeritageDetail\",\"status\":\"0\",\"updateBy\":\"admin\",\"visible\":\"1\"} ','{\"msg\":\"操作成功\",\"code\":200}',0,NULL,'2025-12-26 23:10:03',42),(141,'菜单管理',2,'com.ruoyi.web.controller.system.SysMenuController.edit()','PUT',1,'admin','研发部门','/system/menu','127.0.0.1','内网IP','{\"children\":[],\"component\":\"display/detail\",\"createTime\":\"2025-12-26 23:06:06\",\"icon\":\"color\",\"isCache\":\"0\",\"isFrame\":\"1\",\"menuId\":2027,\"menuName\":\"非遗详情\",\"menuType\":\"C\",\"orderNum\":1,\"params\":{},\"parentId\":2026,\"path\":\"detail/:id\",\"perms\":\"\",\"routeName\":\"HeritageDetail\",\"status\":\"0\",\"updateBy\":\"admin\",\"visible\":\"1\"} ','{\"msg\":\"操作成功\",\"code\":200}',0,NULL,'2025-12-26 23:13:48',32),(142,'菜单管理',2,'com.ruoyi.web.controller.system.SysMenuController.edit()','PUT',1,'admin','研发部门','/system/menu','127.0.0.1','内网IP','{\"children\":[],\"component\":\"display/detail\",\"createTime\":\"2025-12-26 23:06:06\",\"icon\":\"color\",\"isCache\":\"0\",\"isFrame\":\"1\",\"menuId\":2027,\"menuName\":\"非遗详情\",\"menuType\":\"C\",\"orderNum\":1,\"params\":{},\"parentId\":0,\"path\":\"exhibit/detail/:id\",\"perms\":\"\",\"routeName\":\"HeritageDetail\",\"status\":\"0\",\"updateBy\":\"admin\",\"visible\":\"1\"} ','{\"msg\":\"操作成功\",\"code\":200}',0,NULL,'2025-12-26 23:20:02',27),(143,'非遗展品',2,'com.ruoyi.heritage.controller.HeritageItemController.edit()','PUT',1,'admin','研发部门','/heritage/heritage_manage','127.0.0.1','内网IP','{\"categoryId\":1,\"coverImage\":\"/profile/upload/2025/12/26/木雕01_20251226163657A004.jpg\",\"craft\":\"<p>白族木雕</p>\",\"createBy\":\"\",\"createTime\":\"2025-12-26 16:37:47\",\"delFlag\":\"0\",\"description\":\"白族木雕\",\"history\":\"<p>白族木雕</p>\",\"isRecommend\":0,\"itemId\":3,\"itemName\":\"白族木雕\",\"likeCount\":0,\"modelFile\":\"/profile/upload/2025/12/27/wood_20251227000914A001.glb\",\"params\":{},\"sortOrder\":0,\"status\":0,\"updateBy\":\"\",\"updateTime\":\"2025-12-27 00:09:27\",\"viewCount\":0} ','{\"msg\":\"操作成功\",\"code\":200}',0,NULL,'2025-12-27 00:09:27',36),(144,'非遗展品',2,'com.ruoyi.heritage.controller.HeritageItemController.edit()','PUT',1,'admin','研发部门','/heritage/heritage_manage','127.0.0.1','内网IP','{\"categoryId\":1,\"coverImage\":\"/profile/upload/2025/12/26/木雕01_20251226163657A004.jpg\",\"craft\":\"<p>🔨 <strong>匠心独运的五大秘法</strong></p><ol><li data-list=\\\"ordered\\\"><span class=\\\"ql-ui\\\" contenteditable=\\\"false\\\"></span><strong>选材观纹</strong> 🌲：</li><li data-list=\\\"ordered\\\"><span class=\\\"ql-ui\\\" contenteditable=\\\"false\\\"></span>严格选取大理高海拔地区的<strong>古香樟木</strong>。木材需经“三干三湿”的自然老化处理，确保木性稳定，且自带一种能够防虫避邪的淡淡清香。</li><li data-list=\\\"ordered\\\"><span class=\\\"ql-ui\\\" contenteditable=\\\"false\\\"></span><strong>白描定魂</strong> 🖋️：</li><li data-list=\\\"ordered\\\"><span class=\\\"ql-ui\\\" contenteditable=\\\"false\\\"></span>老艺人不需图纸，直接在木料上进行“胸有成竹”的构图。每一笔都避开木材的结疤，顺应纹理，确定神态。</li><li data-list=\\\"ordered\\\"><span class=\\\"ql-ui\\\" contenteditable=\\\"false\\\"></span><strong>粗坯开山</strong> 🪚：</li><li data-list=\\\"ordered\\\"><span class=\\\"ql-ui\\\" contenteditable=\\\"false\\\"></span>使用大号凿子进行“减法艺术”。将多余木块切除，确立作品的空间比例，此时已能看出白族服饰飘逸的轮廓感。</li><li data-list=\\\"ordered\\\"><span class=\\\"ql-ui\\\" contenteditable=\\\"false\\\"></span><strong>多层透雕</strong> 🪡：</li><li data-list=\\\"ordered\\\"><span class=\\\"ql-ui\\\" contenteditable=\\\"false\\\"></span><strong>这是最惊艳的一步！</strong> 艺人要在不到 2 厘米的深度内，雕刻出 3 到 5 层重叠的图案。头饰上的每一朵花瓣、衣襟上的每一根丝线，都由细如毫发的雕刀刻划而成。</li><li data-list=\\\"ordered\\\"><span class=\\\"ql-ui\\\" contenteditable=\\\"false\\\"></span><strong>手工推光</strong> 💎：</li><li data-list=\\\"ordered\\\"><span class=\\\"ql-ui\\\" contenteditable=\\\"false\\\"></span>拒绝化学漆料。完全依靠天然草木灰和多号棉布进行数万次的物理摩擦，使原木产生一种油脂般的莹润光泽，触感如玉，温润入心。</li></ol>\",\"createBy\":\"\",\"createTime\":\"2025-12-26 16:37:47\",\"delFlag\":\"0\",\"description\":\"✨ 一木一世界，雕刻白族魂。\\n本展品是“木雕之乡”剑川的代表作。采用顶级香樟木，通过多层透雕技艺刻画了一位温婉的白族少女。作品将传统民族服饰与现代雕塑审美融合，是研究白族民俗与木艺美学的重要数字资产。🪵\",\"history\":\"<p>📜 <strong>千年技艺的时光沉淀</strong></p><ol><li data-list=\\\"bullet\\\"><span class=\\\"ql-ui\\\" contenteditable=\\\"false\\\"></span><strong>南诏遗风</strong> 🏔️：起源于唐代，作为南诏与大理国时期的宫廷御用技艺，距今已有 1000 多年历史。</li><li data-list=\\\"bullet\\\"><span class=\\\"ql-ui\\\" contenteditable=\\\"false\\\"></span><strong>文化交融</strong> 🤝：它不仅保留了白族原始的图腾崇拜，还深度融合了中原汉族的建筑木作工艺，是“南方丝绸之路”文化交流的结晶。</li><','{\"msg\":\"操作成功\",\"code\":200}',0,NULL,'2025-12-27 01:45:16',21),(145,'非遗展品',2,'com.ruoyi.heritage.controller.HeritageItemController.edit()','PUT',1,'admin','研发部门','/heritage/heritage_manage','127.0.0.1','内网IP','{\"categoryId\":2,\"coverImage\":\"/profile/upload/2025/12/26/服饰01_20251226163540A003.jpg\",\"craft\":\"<p>手工缝制并有精美刺绣</p>\",\"createBy\":\"admin\",\"createTime\":\"2025-12-24 23:10:31\",\"delFlag\":\"0\",\"description\":\"白族传统服装以白色为主\",\"favoriteCount\":0,\"history\":\"<p>白族自称\\\"白子\\\"，服饰以白色为尊...</p>\",\"itemId\":2,\"itemName\":\"白族服饰\",\"likeCount\":0,\"modelFile\":\"/profile/upload/model2.glb\",\"params\":{},\"sortOrder\":0,\"status\":0,\"updateBy\":\"\",\"updateTime\":\"2025-12-27 12:39:14\",\"viewCount\":0} ','{\"msg\":\"操作成功\",\"code\":200}',0,NULL,'2025-12-27 12:39:15',64),(146,'非遗展品',2,'com.ruoyi.heritage.controller.HeritageItemController.edit()','PUT',1,'admin','研发部门','/heritage/heritage_manage','127.0.0.1','内网IP','{\"categoryId\":3,\"coverImage\":\"/profile/upload/2025/12/26/建筑03_20251226171115A010.jpg\",\"craft\":\"<p>白族建筑</p>\",\"createBy\":\"\",\"createTime\":\"2025-12-26 17:11:37\",\"delFlag\":\"0\",\"description\":\"白族建筑\",\"favoriteCount\":0,\"history\":\"<p>白族建筑</p>\",\"itemId\":9,\"itemName\":\"建筑\",\"likeCount\":0,\"params\":{},\"sortOrder\":1,\"status\":0,\"updateBy\":\"\",\"updateTime\":\"2025-12-27 12:39:29\",\"viewCount\":0} ','{\"msg\":\"操作成功\",\"code\":200}',0,NULL,'2025-12-27 12:39:29',15),(147,'非遗展品',2,'com.ruoyi.heritage.controller.HeritageItemController.edit()','PUT',1,'admin','研发部门','/heritage/heritage_manage','127.0.0.1','内网IP','{\"categoryId\":1,\"coverImage\":\"/profile/upload/2025/12/26/木雕01_20251226163657A004.jpg\",\"craft\":\"<p>🔨 <strong>匠心独运的五大秘法</strong></p><ol><li data-list=\\\"ordered\\\"><span class=\\\"ql-ui\\\" contenteditable=\\\"false\\\"></span><strong>选材观纹</strong> 🌲：</li><li data-list=\\\"ordered\\\"><span class=\\\"ql-ui\\\" contenteditable=\\\"false\\\"></span>严格选取大理高海拔地区的<strong>古香樟木</strong>。木材需经“三干三湿”的自然老化处理，确保木性稳定，且自带一种能够防虫避邪的淡淡清香。</li><li data-list=\\\"ordered\\\"><span class=\\\"ql-ui\\\" contenteditable=\\\"false\\\"></span><strong>白描定魂</strong> 🖋️：</li><li data-list=\\\"ordered\\\"><span class=\\\"ql-ui\\\" contenteditable=\\\"false\\\"></span>老艺人不需图纸，直接在木料上进行“胸有成竹”的构图。每一笔都避开木材的结疤，顺应纹理，确定神态。</li><li data-list=\\\"ordered\\\"><span class=\\\"ql-ui\\\" contenteditable=\\\"false\\\"></span><strong>粗坯开山</strong> 🪚：</li><li data-list=\\\"ordered\\\"><span class=\\\"ql-ui\\\" contenteditable=\\\"false\\\"></span>使用大号凿子进行“减法艺术”。将多余木块切除，确立作品的空间比例，此时已能看出白族服饰飘逸的轮廓感。</li><li data-list=\\\"ordered\\\"><span class=\\\"ql-ui\\\" contenteditable=\\\"false\\\"></span><strong>多层透雕</strong> 🪡：</li><li data-list=\\\"ordered\\\"><span class=\\\"ql-ui\\\" contenteditable=\\\"false\\\"></span><strong>这是最惊艳的一步！</strong> 艺人要在不到 2 厘米的深度内，雕刻出 3 到 5 层重叠的图案。头饰上的每一朵花瓣、衣襟上的每一根丝线，都由细如毫发的雕刀刻划而成。</li><li data-list=\\\"ordered\\\"><span class=\\\"ql-ui\\\" contenteditable=\\\"false\\\"></span><strong>手工推光</strong> 💎：</li><li data-list=\\\"ordered\\\"><span class=\\\"ql-ui\\\" contenteditable=\\\"false\\\"></span>拒绝化学漆料。完全依靠天然草木灰和多号棉布进行数万次的物理摩擦，使原木产生一种油脂般的莹润光泽，触感如玉，温润入心。</li></ol>\",\"createBy\":\"\",\"createTime\":\"2025-12-26 16:37:47\",\"delFlag\":\"0\",\"description\":\"✨ 一木一世界，雕刻白族魂。\\n本展品是“木雕之乡”剑川的代表作。采用顶级香樟木，通过多层透雕技艺刻画了一位温婉的白族少女。作品将传统民族服饰与现代雕塑审美融合，是研究白族民俗与木艺美学的重要数字资产。🪵\",\"favoriteCount\":0,\"history\":\"<p>📜 <strong>千年技艺的时光沉淀</strong></p><ol><li data-list=\\\"bullet\\\"><span class=\\\"ql-ui\\\" contenteditable=\\\"false\\\"></span><strong>南诏遗风</strong> 🏔️：起源于唐代，作为南诏与大理国时期的宫廷御用技艺，距今已有 1000 多年历史。</li><li data-list=\\\"bullet\\\"><span class=\\\"ql-ui\\\" contenteditable=\\\"false\\\"></span><strong>文化交融</strong> 🤝：它不仅保留了白族原始的图腾崇拜，还深度融合了中原汉族的建筑木作工艺，是“南方丝','{\"msg\":\"操作成功\",\"code\":200}',0,NULL,'2025-12-27 12:39:52',13),(148,'非遗展品',2,'com.ruoyi.heritage.controller.HeritageItemController.edit()','PUT',1,'admin','研发部门','/heritage/heritage_manage','127.0.0.1','内网IP','{\"categoryId\":1,\"coverImage\":\"/profile/upload/2025/12/26/扎染01_20251226163517A002.jpg\",\"craft\":\"<p>采用天然植物染料，通过扎结、浸染等工序...</p>\",\"createBy\":\"admin\",\"createTime\":\"2025-12-24 23:10:31\",\"delFlag\":\"0\",\"description\":\"白族扎染是一种古老的染色工艺\",\"favoriteCount\":0,\"history\":\"<p>扎染技艺源于千年前...</p>\",\"isCollected\":false,\"isLiked\":false,\"itemId\":1,\"itemName\":\"白族扎染\",\"likeCount\":0,\"modelFile\":\"\",\"params\":{},\"sortOrder\":1,\"status\":0,\"updateBy\":\"\",\"updateTime\":\"2025-12-27 18:41:42\",\"viewCount\":5} ','{\"msg\":\"操作成功\",\"code\":200}',0,NULL,'2025-12-27 18:41:42',128),(149,'非遗展品',2,'com.ruoyi.heritage.controller.HeritageItemController.edit()','PUT',1,'admin','研发部门','/heritage/heritage_manage','127.0.0.1','内网IP','{\"categoryId\":2,\"coverImage\":\"/profile/upload/2025/12/26/服饰01_20251226163540A003.jpg\",\"craft\":\"<p>手工缝制并有精美刺绣</p>\",\"createBy\":\"admin\",\"createTime\":\"2025-12-24 23:10:31\",\"delFlag\":\"0\",\"description\":\"白族传统服装以白色为主\",\"favoriteCount\":0,\"history\":\"<p>白族自称\\\"白子\\\"，服饰以白色为尊...</p>\",\"isCollected\":true,\"isLiked\":false,\"itemId\":2,\"itemName\":\"白族服饰\",\"likeCount\":1,\"modelFile\":\"\",\"params\":{},\"sortOrder\":0,\"status\":0,\"updateBy\":\"\",\"updateTime\":\"2025-12-27 18:41:48\",\"viewCount\":2} ','{\"msg\":\"操作成功\",\"code\":200}',0,NULL,'2025-12-27 18:41:48',24),(150,'非遗展品',2,'com.ruoyi.heritage.controller.HeritageItemController.edit()','PUT',1,'admin','研发部门','/heritage/heritage_manage','127.0.0.1','内网IP','{\"categoryId\":3,\"coverImage\":\"/profile/upload/2025/12/26/建筑02_20251226170948A008.jpg\",\"craft\":\"<h4><span style=\\\"background-color: rgb(255, 255, 255); color: rgb(0, 0, 0);\\\">1. 院落营构：山水间的秩序美学</span></h4><p><span style=\\\"background-color: rgb(255, 255, 255); color: rgb(0, 0, 0);\\\">白族建筑以 “三坊一照壁” 为核心形制，其营造暗合 “天圆地方” 的哲思：三栋坐北朝南的 “坊屋” 沿中轴线对称排布，围合出方形天井；空缺的一面立起照壁，既补全了空间的 “围合感”，又借壁面反射天光，让院落即便深居巷陌也明亮如昼。其结构以 “榫卯木架” 为骨：柱与梁以 “燕尾榫” 咬合，不用一钉却能承载百年风雨 —— 如正房的横梁，一头削作燕尾状的凸榫，另一头立柱凿出对应的凹槽，榫头入槽后，再以木楔加固，受力越重，咬合越紧，恰如白族文化里 “共生相携” 的处世智慧。</span></p><h4><span style=\\\"background-color: rgb(255, 255, 255); color: rgb(0, 0, 0);\\\">2. 粉墙画壁：时光磨不灭的留白与浓彩</span></h4><p><span style=\\\"background-color: rgb(255, 255, 255); color: rgb(0, 0, 0);\\\">“白墙” 是白族建筑的灵魂底色，其工艺堪称 “土木间的炼金术”：取苍山生石灰，以糯米浆、红糖汁拌匀，经 “三抹三晾” 的工序敷于墙面 —— 初抹以粗灰打底，二抹以细灰找平，三抹以 “纸筋灰”（草纸捣碎拌灰）收面，每一层都需晾晒至干透，最终形成的墙面白如凝脂，经风历雨数十年而不皲裂。墙绘则是白墙之上的诗意注脚：画师以矿物颜料为墨，取松烟、朱砂、石青入色，绘山水、花鸟、典故于壁 —— 如照壁中央常绘 “松鹤延年”，边角配 “竹影横斜”，颜料经苍山矿物研磨而成，日光下历百年而不褪色，恰似白族文化里 “历久弥新” 的传承底色。</span></p><h4><span style=\\\"background-color: rgb(255, 255, 255); color: rgb(0, 0, 0);\\\">3. 木作瓦艺：细节里的实用与浪漫</span></h4><ol><li data-list=\\\"bullet\\\"><span class=\\\"ql-ui\\\" contenteditable=\\\"false\\\"></span><strong style=\\\"background-color: rgb(255, 255, 255); color: rgb(0, 0, 0);\\\">门窗雕饰</strong><span style=\\\"background-color: rgb(255, 255, 255); color: rgb(0, 0, 0);\\\">：选滇西硬木（椿木、楠木）为材，经 “透雕打底、浮雕描形、线雕勾纹” 三法而成：先以凿子镂空木料，透出背后的光影（透雕）；再以刻刀让花纹凸起于木面（浮雕）；最后以细刃勾出花瓣脉络、鸟羽纹理（线雕）。雕成后刷以桐油，既让木质防潮防腐，又让纹理在光线下愈显温润，每一扇窗都是可触摸的 “立体诗”。</span></li><li data-list=\\\"bullet\\\"><span class=\\\"ql-ui\\\" contenteditable=\\\"false\\\"></span><strong style=\\\"background-color: rgb(255, 255, 255); color: rgb(0, 0, 0);\\\">瓦顶营造</strong><span style=\\\"background-color: rgb(255, 255, 255); color: rgb(0, 0, 0);\\\">：以 “筒瓦覆脊、板瓦铺面” 为法：半圆的筒瓦顺屋脊排列，形成排水的 “主渠道”；平展的板瓦沿坡面叠铺，缝隙以灰泥填实 —— 最精巧处是 “翘角”：屋顶檐角处的瓦件向上弯翘，既让建筑形如振翅的飞鸟，又让雨水经翘角导流，落于院落之外，是美学与实用的完美共生。</span></li></ol><p><br></p>\",\"createBy\":\"\",\"createTime\":\"2025-12-26 17:10:12\",\"delFlag\":\"0\",\"description\":\"白族传统建筑是大理风花雪月里的 “','{\"msg\":\"操作成功\",\"code\":200}',0,NULL,'2025-12-27 22:33:27',42),(151,'非遗展品',2,'com.ruoyi.heritage.controller.HeritageItemController.edit()','PUT',1,'admin','研发部门','/heritage/heritage_manage','127.0.0.1','内网IP','{\"categoryId\":2,\"coverImage\":\"/profile/upload/2025/12/26/服饰01_20251226163540A003.jpg\",\"craft\":\"<p><span style=\\\"background-color: rgb(255, 255, 255); color: rgb(0, 0, 0);\\\">采用</span><strong style=\\\"background-color: rgb(255, 255, 255); color: rgb(0, 0, 0);\\\">手工缝制</strong><span style=\\\"background-color: rgb(255, 255, 255); color: rgb(0, 0, 0);\\\">为核心工艺，辅以白族特色的</span><strong style=\\\"background-color: rgb(255, 255, 255); color: rgb(0, 0, 0);\\\">扎染、刺绣</strong><span style=\\\"background-color: rgb(255, 255, 255); color: rgb(0, 0, 0);\\\">技法：</span></p><ol><li data-list=\\\"bullet\\\"><span class=\\\"ql-ui\\\" contenteditable=\\\"false\\\"></span><span style=\\\"background-color: rgb(255, 255, 255); color: rgb(0, 0, 0);\\\">扎染：通过纱、线等工具捆扎布料后染色，形成蓝白相间的自然纹理；</span></li><li data-list=\\\"bullet\\\"><span class=\\\"ql-ui\\\" contenteditable=\\\"false\\\"></span><span style=\\\"background-color: rgb(255, 255, 255); color: rgb(0, 0, 0);\\\">刺绣：多以花鸟、几何纹样为主题，用细密针法装饰领口、袖口等部位，兼具装饰性与耐用性。</span></li></ol><p><br></p>\",\"createBy\":\"admin\",\"createTime\":\"2025-12-24 23:10:31\",\"delFlag\":\"0\",\"description\":\"白族传统服饰以白色为基调，搭配蓝、黑、红等色彩纹样，风格清新雅致，既体现 “白族” 尚白的文化传统，又融合了地域审美与生活实用性。\",\"favoriteCount\":1,\"history\":\"<p><span style=\\\"background-color: rgb(255, 255, 255); color: rgb(0, 0, 0);\\\">白族传统服饰的风格脉络，深深植根于其民族发展的漫长进程中，最早可追溯至先秦时期的 “滇僰” 族群服饰遗风 —— 彼时滇中地区的土著族群已形成 “衣麻披葛、尚素色” 的着装特点，这一偏好也成为后世白族 “尚白” 文化的雏形。到南诏国（738-902 年）与大理国（937-1253 年）时期，白族服饰迎来了风格定型的关键阶段：一方面，南诏王室与中原王朝的频繁交流，让中原服饰的交领、右衽、宽袖等剪裁元素融入白族服饰，例如女性上衣的 “右衽大襟” 款式，便与唐代中原女子常服有着明显的传承关联；另一方面，大理国 “政教合一” 的文化氛围，让佛教元素开始渗透到服饰细节中，部分服饰纹样中出现的 “莲花、卷草” 等图案，正是当时佛教盛行的视觉投射。</span></p><p><span style=\\\"background-color: rgb(255, 255, 255); color: rgb(0, 0, 0);\\\">宋元至明清时期，白族服饰在地域文化的沉淀中进一步细化：明代推行 “改土归流” 政策后，中原纺织技艺（如棉纺、丝绣）传入白族聚居区，使得服饰的面料从传统麻料拓展为棉、丝混纺，装饰工艺也从简单的印染发展出更精细的 “盘绣”“扣绣”；而清代白族与周边彝族、纳西族的贸易往来，又让服饰配色中融入了彝族的 “红褐”、纳西族的 “青黑” 等色调，形成了 “白为底、彩为饰” 的经典搭配逻辑。</span></p><p><span style=\\\"background-color: rgb(255, 255, 255); color: rgb(0, 0, 0);\\\">近现代以来，白族服饰虽受现代服装影响出现简化款式，但核心元素始终得以保留：例如男性的 “白色对襟褂子”，其版型仍延续了南诏时期 “短褐窄袖” 的实用设计（便于田','{\"msg\":\"操作成功\",\"code\":200}',0,NULL,'2025-12-27 22:58:27',26),(152,'非遗展品',1,'com.ruoyi.heritage.controller.HeritageItemController.add()','POST',1,'admin','研发部门','/heritage/heritage_manage','127.0.0.1','内网IP','{\"categoryId\":1,\"coverImage\":\"/profile/upload/2025/12/27/R-C_20251227232239A003.jpg\",\"craft\":\"<p><span style=\\\"background-color: rgb(255, 255, 255); color: rgb(0, 0, 0);\\\">核心工艺流程为：</span></p><ol><li data-list=\\\"ordered\\\"><span class=\\\"ql-ui\\\" contenteditable=\\\"false\\\"></span><strong style=\\\"background-color: rgb(255, 255, 255); color: rgb(0, 0, 0);\\\">制胎塑形</strong><span style=\\\"background-color: rgb(255, 255, 255); color: rgb(0, 0, 0);\\\">：以纯银熔铸、捶打为薄胎杯身，通过模具或手工调整器型；</span></li><li data-list=\\\"ordered\\\"><span class=\\\"ql-ui\\\" contenteditable=\\\"false\\\"></span><strong style=\\\"background-color: rgb(255, 255, 255); color: rgb(0, 0, 0);\\\">鎏金装饰</strong><span style=\\\"background-color: rgb(255, 255, 255); color: rgb(0, 0, 0);\\\">：将金汞合金均匀涂抹于杯身纹样区域，经高温烘烤使汞蒸发，金层附着于银胎表面；</span></li><li data-list=\\\"ordered\\\"><span class=\\\"ql-ui\\\" contenteditable=\\\"false\\\"></span><strong style=\\\"background-color: rgb(255, 255, 255); color: rgb(0, 0, 0);\\\">錾刻纹样</strong><span style=\\\"background-color: rgb(255, 255, 255); color: rgb(0, 0, 0);\\\">：用錾子在杯身、杯沿雕刻白族特色的 “山茶花、洱海波纹” 等图案，部分会辅以镂空工艺增加层次；</span></li><li data-list=\\\"ordered\\\"><span class=\\\"ql-ui\\\" contenteditable=\\\"false\\\"></span><strong style=\\\"background-color: rgb(255, 255, 255); color: rgb(0, 0, 0);\\\">抛光打磨</strong><span style=\\\"background-color: rgb(255, 255, 255); color: rgb(0, 0, 0);\\\">：用玛瑙刀等工具抛光表面，使银胎与鎏金部分光泽协调，提升质感。</span></li></ol><p><br></p>\",\"createTime\":\"2025-12-27 23:25:49\",\"description\":\"这是白族传统金属工艺制品，以银为胎、鎏金饰纹，杯身常刻有白族特色的花鸟、几何纹样，兼具实用功能与民族艺术美感，是白族待客礼仪与工艺技艺结合的代表器物。\",\"favoriteCount\":0,\"history\":\"<p><span style=\\\"background-color: rgb(255, 255, 255); color: rgba(0, 0, 0, 0.85);\\\">白族金属制器技艺可追溯至南诏时期，当时已出现银器锻造工艺；明清时期，随着白族与中原、东南亚的贸易往来，鎏金技法传入并与本土银器工艺融合，银胎鎏金茶具开始成为贵族与商绅的待客用具；近现代以来，这种茶具既保留了传统纹样的文化符号，也在器型上融入了更贴合日常使用的设计，是白族金属工艺传承与演变的实物体现。</span></p>\",\"isCollected\":false,\"isLiked\":false,\"itemId\":10,\"itemName\":\"白族银胎鎏金茶具\",\"likeCount\":0,\"modelFile\":\"/profile/upload/2025/12/27/teacup_20251227232545A004.glb\",\"params\":{},\"sortOrder\":0,\"status\":0,\"viewCount\":0} ','{\"msg\":\"操作成功\",\"code\":200}',0,NULL,'2025-12-27 23:25:49',148),(153,'非遗评论',1,'com.ruoyi.heritage.controller.HeritageCommentController.add()','POST',1,'admin','研发部门','/heritage/comment','127.0.0.1','内网IP','{\"commentId\":1,\"content\":\"1\",\"itemId\":4,\"params\":{},\"userId\":1} ','{\"msg\":\"操作成功\",\"code\":200}',0,NULL,'2025-12-29 15:12:04',72),(154,'菜单管理',2,'com.ruoyi.web.controller.system.SysMenuController.edit()','PUT',1,'admin','研发部门','/system/menu','127.0.0.1','内网IP','{\"children\":[],\"createTime\":\"2025-12-24 23:39:31\",\"icon\":\"guide\",\"isCache\":\"0\",\"isFrame\":\"0\",\"menuId\":4,\"menuName\":\"若依官网\",\"menuType\":\"M\",\"orderNum\":4,\"params\":{},\"parentId\":0,\"path\":\"http://ruoyi.vip\",\"perms\":\"\",\"query\":\"\",\"routeName\":\"\",\"status\":\"0\",\"updateBy\":\"admin\",\"visible\":\"1\"} ','{\"msg\":\"操作成功\",\"code\":200}',0,NULL,'2025-12-29 15:28:54',32),(155,'用户头像',2,'com.ruoyi.web.controller.system.SysProfileController.avatar()','POST',1,'admin','研发部门','/system/user/profile/avatar','127.0.0.1','内网IP','','{\"msg\":\"操作成功\",\"imgUrl\":\"/profile/avatar/2025/12/29/14a578f86b94414b8c698f45a97ab80a.png\",\"code\":200}',0,NULL,'2025-12-29 15:32:58',132),(156,'个人信息',2,'com.ruoyi.web.controller.system.SysProfileController.updateProfile()','PUT',1,'admin','研发部门','/system/user/profile','127.0.0.1','内网IP','{\"admin\":false,\"email\":\"rcpawn@163.com\",\"nickName\":\"rcpawn\",\"params\":{},\"phonenumber\":\"15888888888\",\"sex\":\"0\"} ','{\"msg\":\"操作成功\",\"code\":200}',0,NULL,'2025-12-29 15:33:03',77),(157,'菜单管理',2,'com.ruoyi.web.controller.system.SysMenuController.edit()','PUT',1,'admin','研发部门','/system/menu','127.0.0.1','内网IP','{\"children\":[],\"createTime\":\"2025-12-24 23:39:31\",\"icon\":\"system\",\"isCache\":\"0\",\"isFrame\":\"1\",\"menuId\":1,\"menuName\":\"系统管理\",\"menuType\":\"M\",\"orderNum\":10,\"params\":{},\"parentId\":0,\"path\":\"system\",\"perms\":\"\",\"query\":\"\",\"routeName\":\"\",\"status\":\"0\",\"updateBy\":\"admin\",\"visible\":\"0\"} ','{\"msg\":\"操作成功\",\"code\":200}',0,NULL,'2025-12-29 17:01:11',60),(158,'菜单管理',2,'com.ruoyi.web.controller.system.SysMenuController.edit()','PUT',1,'admin','研发部门','/system/menu','127.0.0.1','内网IP','{\"children\":[],\"createTime\":\"2025-12-24 23:39:31\",\"icon\":\"monitor\",\"isCache\":\"0\",\"isFrame\":\"1\",\"menuId\":2,\"menuName\":\"系统监控\",\"menuType\":\"M\",\"orderNum\":11,\"params\":{},\"parentId\":0,\"path\":\"monitor\",\"perms\":\"\",\"query\":\"\",\"routeName\":\"\",\"status\":\"0\",\"updateBy\":\"admin\",\"visible\":\"0\"} ','{\"msg\":\"操作成功\",\"code\":200}',0,NULL,'2025-12-29 17:01:17',33),(159,'菜单管理',2,'com.ruoyi.web.controller.system.SysMenuController.edit()','PUT',1,'admin','研发部门','/system/menu','127.0.0.1','内网IP','{\"children\":[],\"createTime\":\"2025-12-24 23:39:31\",\"icon\":\"tool\",\"isCache\":\"0\",\"isFrame\":\"1\",\"menuId\":3,\"menuName\":\"系统工具\",\"menuType\":\"M\",\"orderNum\":12,\"params\":{},\"parentId\":0,\"path\":\"tool\",\"perms\":\"\",\"query\":\"\",\"routeName\":\"\",\"status\":\"0\",\"updateBy\":\"admin\",\"visible\":\"0\"} ','{\"msg\":\"操作成功\",\"code\":200}',0,NULL,'2025-12-29 17:01:22',34),(160,'菜单管理',2,'com.ruoyi.web.controller.system.SysMenuController.edit()','PUT',1,'admin','研发部门','/system/menu','127.0.0.1','内网IP','{\"children\":[],\"createTime\":\"2025-12-24 23:39:31\",\"icon\":\"guide\",\"isCache\":\"0\",\"isFrame\":\"0\",\"menuId\":4,\"menuName\":\"若依官网\",\"menuType\":\"M\",\"orderNum\":13,\"params\":{},\"parentId\":0,\"path\":\"http://ruoyi.vip\",\"perms\":\"\",\"query\":\"\",\"routeName\":\"\",\"status\":\"0\",\"updateBy\":\"admin\",\"visible\":\"1\"} ','{\"msg\":\"操作成功\",\"code\":200}',0,NULL,'2025-12-29 17:01:28',31),(161,'菜单管理',1,'com.ruoyi.web.controller.system.SysMenuController.add()','POST',1,'admin','研发部门','/system/menu','127.0.0.1','内网IP','{\"children\":[],\"createBy\":\"admin\",\"icon\":\"user\",\"isCache\":\"0\",\"isFrame\":\"1\",\"menuName\":\"个人中心\",\"menuType\":\"M\",\"orderNum\":9,\"params\":{},\"parentId\":0,\"path\":\"user-center\",\"status\":\"0\",\"visible\":\"0\"} ','{\"msg\":\"操作成功\",\"code\":200}',0,NULL,'2025-12-29 17:08:46',47),(162,'菜单管理',1,'com.ruoyi.web.controller.system.SysMenuController.add()','POST',1,'admin','研发部门','/system/menu','127.0.0.1','内网IP','{\"children\":[],\"component\":\"heritage/user-center/collection\",\"createBy\":\"admin\",\"icon\":\"star\",\"isCache\":\"0\",\"isFrame\":\"1\",\"menuName\":\"我的收藏\",\"menuType\":\"C\",\"orderNum\":1,\"params\":{},\"parentId\":2028,\"path\":\"collection\",\"perms\":\"\",\"routeName\":\"\",\"status\":\"0\",\"visible\":\"0\"} ','{\"msg\":\"操作成功\",\"code\":200}',0,NULL,'2025-12-29 17:11:53',34),(163,'非遗展品',1,'com.ruoyi.heritage.controller.HeritageItemController.add()','POST',1,'admin','研发部门','/heritage/heritage_manage','127.0.0.1','内网IP','{\"categoryId\":3,\"coverImage\":\"/profile/upload/2025/12/29/建筑05_20251229190314A001.png\",\"craft\":\"<p>民居</p>\",\"createTime\":\"2025-12-29 19:03:34\",\"description\":\"民居\",\"favoriteCount\":0,\"history\":\"<p>民居</p>\",\"isCollected\":false,\"isLiked\":false,\"itemId\":11,\"itemName\":\"民居\",\"likeCount\":0,\"params\":{},\"sortOrder\":0,\"status\":0,\"viewCount\":0} ','{\"msg\":\"操作成功\",\"code\":200}',0,NULL,'2025-12-29 19:03:34',58),(164,'非遗展品',2,'com.ruoyi.heritage.controller.HeritageItemController.edit()','PUT',1,'admin','研发部门','/heritage/heritage_manage','127.0.0.1','内网IP','{\"categoryId\":3,\"coverImage\":\"/profile/upload/2025/12/26/民居01_20251226165546A006.jpg\",\"craft\":\"<p>三合院</p>\",\"createBy\":\"\",\"createTime\":\"2025-12-26 16:56:01\",\"delFlag\":\"0\",\"description\":\"三合院\",\"favoriteCount\":0,\"history\":\"<p>三合院</p>\",\"isCollected\":false,\"isLiked\":false,\"itemId\":5,\"itemName\":\"三合院\",\"likeCount\":0,\"modelFile\":\"/profile/upload/2025/12/30/三合院_20251230140505A001.glb\",\"params\":{},\"sortOrder\":0,\"status\":0,\"updateBy\":\"\",\"updateTime\":\"2025-12-30 14:05:18\",\"viewCount\":4} ','{\"msg\":\"操作成功\",\"code\":200}',0,NULL,'2025-12-30 14:05:18',49),(165,'非遗展品',2,'com.ruoyi.heritage.controller.HeritageItemController.edit()','PUT',1,'admin','研发部门','/heritage/heritage_manage','127.0.0.1','内网IP','{\"categoryId\":3,\"coverImage\":\"/profile/upload/2025/12/26/民居01_20251226165546A006.jpg\",\"craft\":\"<p>三合院</p>\",\"createBy\":\"\",\"createTime\":\"2025-12-26 16:56:01\",\"delFlag\":\"0\",\"description\":\"三合院\",\"favoriteCount\":0,\"history\":\"<p>三合院</p>\",\"isCollected\":false,\"isLiked\":false,\"itemId\":5,\"itemName\":\"三合院\",\"likeCount\":0,\"modelFile\":\"\",\"params\":{},\"sortOrder\":0,\"status\":0,\"updateBy\":\"\",\"updateTime\":\"2025-12-30 14:09:40\",\"viewCount\":5} ','{\"msg\":\"操作成功\",\"code\":200}',0,NULL,'2025-12-30 14:09:40',17),(166,'非遗展品',2,'com.ruoyi.heritage.controller.HeritageItemController.edit()','PUT',1,'admin','研发部门','/heritage/heritage_manage','127.0.0.1','内网IP','{\"categoryId\":3,\"coverImage\":\"/profile/upload/2025/12/26/民居01_20251226165546A006.jpg\",\"craft\":\"<p>三合院</p>\",\"createBy\":\"\",\"createTime\":\"2025-12-26 16:56:01\",\"delFlag\":\"0\",\"description\":\"三合院\",\"favoriteCount\":0,\"history\":\"<p>三合院</p>\",\"isCollected\":false,\"isLiked\":false,\"itemId\":5,\"itemName\":\"三合院\",\"likeCount\":0,\"modelFile\":\"/profile/upload/2025/12/30/照壁_20251230152050A002.glb\",\"params\":{},\"sortOrder\":0,\"status\":0,\"updateBy\":\"\",\"updateTime\":\"2025-12-30 15:20:53\",\"viewCount\":5} ','{\"msg\":\"操作成功\",\"code\":200}',0,NULL,'2025-12-30 15:20:53',21),(167,'非遗展品',2,'com.ruoyi.heritage.controller.HeritageItemController.edit()','PUT',1,'admin','研发部门','/heritage/heritage_manage','127.0.0.1','内网IP','{\"categoryId\":3,\"coverImage\":\"/profile/upload/2025/12/26/民居01_20251226165546A006.jpg\",\"craft\":\"<p>三合院</p>\",\"createBy\":\"\",\"createTime\":\"2025-12-26 16:56:01\",\"delFlag\":\"0\",\"description\":\"三合院\",\"favoriteCount\":0,\"history\":\"<p>三合院</p>\",\"isCollected\":false,\"isLiked\":false,\"itemId\":5,\"itemName\":\"三合院\",\"likeCount\":0,\"modelFile\":\"\",\"params\":{},\"sortOrder\":0,\"status\":0,\"updateBy\":\"\",\"updateTime\":\"2025-12-30 16:07:22\",\"viewCount\":6} ','{\"msg\":\"操作成功\",\"code\":200}',0,NULL,'2025-12-30 16:07:22',21),(168,'非遗展品',2,'com.ruoyi.heritage.controller.HeritageItemController.edit()','PUT',1,'admin','研发部门','/heritage/heritage_manage','127.0.0.1','内网IP','{\"categoryId\":3,\"coverImage\":\"/profile/upload/2025/12/26/建筑03_20251226171115A010.jpg\",\"craft\":\"<p>白族建筑</p>\",\"createBy\":\"\",\"createTime\":\"2025-12-26 17:11:37\",\"delFlag\":\"0\",\"description\":\"白族建筑\",\"favoriteCount\":0,\"history\":\"<p>白族建筑</p>\",\"isCollected\":false,\"isLiked\":false,\"itemId\":9,\"itemName\":\"建筑\",\"likeCount\":0,\"modelFile\":\"/profile/upload/2025/12/30/照壁_20251230160740A003.glb\",\"params\":{},\"sortOrder\":1,\"status\":0,\"updateBy\":\"\",\"updateTime\":\"2025-12-30 16:07:42\",\"viewCount\":1} ','{\"msg\":\"操作成功\",\"code\":200}',0,NULL,'2025-12-30 16:07:42',10),(169,'非遗展品',2,'com.ruoyi.heritage.controller.HeritageItemController.edit()','PUT',1,'admin','研发部门','/heritage/heritage_manage','127.0.0.1','内网IP','{\"categoryId\":3,\"coverImage\":\"/profile/upload/2025/12/26/民居01_20251226165546A006.jpg\",\"craft\":\"<p>白族三合院的建造过程被誉为“木石与色彩的交响乐”：</p><ol><li data-list=\\\"ordered\\\"><span class=\\\"ql-ui\\\" contenteditable=\\\"false\\\"></span><strong>土木结构（榫卯技术）：</strong> 🏗️</li><li data-list=\\\"ordered\\\"><span class=\\\"ql-ui\\\" contenteditable=\\\"false\\\"></span>全屋采用上好的杉木或栗木，不露一颗钉子，完全依靠**榫卯（Sǔn Mǎo）**结构咬合。这种结构具有极佳的韧性，使建筑在大理的多震带上稳如泰山。</li><li data-list=\\\"ordered\\\"><span class=\\\"ql-ui\\\" contenteditable=\\\"false\\\"></span><strong>三雕一绘（装饰灵魂）：</strong> 🎨</li><li data-list=\\\"bullet\\\" class=\\\"ql-indent-1\\\"><span class=\\\"ql-ui\\\" contenteditable=\\\"false\\\"></span><strong>木雕：</strong> 门窗格心常采用五层透雕，刻画麒麟、凤凰及花卉。</li><li data-list=\\\"bullet\\\" class=\\\"ql-indent-1\\\"><span class=\\\"ql-ui\\\" contenteditable=\\\"false\\\"></span><strong>石雕：</strong> 柱础和阶石选用大理石（苍山石），坚固且纹路优雅。</li><li data-list=\\\"bullet\\\" class=\\\"ql-indent-1\\\"><span class=\\\"ql-ui\\\" contenteditable=\\\"false\\\"></span><strong>泥塑与彩绘：</strong> 在照壁和檐口处进行水墨彩绘，形成“素雅如画”的视觉风格。</li><li data-list=\\\"ordered\\\"><span class=\\\"ql-ui\\\" contenteditable=\\\"false\\\"></span><strong>照壁工艺：</strong> 墙体采用青砖封砌，表面抹以白灰，并在正中书写家训或绘上山水画，工艺极尽考究。🖌️</li></ol><h3>💡 录入小贴士：</h3><ol><li data-list=\\\"bullet\\\"><span class=\\\"ql-ui\\\" contenteditable=\\\"false\\\"></span>在你的系统展示页面，建议将**“照壁回光”**作为一个互动热点（Hotspot）来重点说明。</li><li data-list=\\\"bullet\\\"><span class=\\\"ql-ui\\\" contenteditable=\\\"false\\\"></span>如果你的 3D 模型支持交互，可以引导用户点击**“木雕门窗”**，弹窗显示刚才这段精美的工艺描述。</li></ol><p>祝你毕设顺利！这套文案配上你的 3D 展示，学术格调一下就拉满了。🚀</p>\",\"createBy\":\"\",\"createTime\":\"2025-12-26 16:56:01\",\"delFlag\":\"0\",\"description\":\"🏛️ 白族三合院，又称“三坊一照壁”，是大理白族民居建筑艺术的精髓。它由三座正房和一面装饰精美的照壁围合而成，形成了“封闭而不死、敞亮而不散”的独特空间。\\n其特色在于“白墙青瓦、木雕彩绘”，不仅防风防震，更通过照壁将洱海的晨曦反射进院落。这不仅是白族先民对自然环境的智慧适应，更是中华建筑美学中“天人合一”的生动体现。✨\",\"favoriteCount\":0,\"history\":\"<p>白族三合院的形成历史悠久，是一部浓缩的南诏与大理国文化交融史：</p><ol><li data-list=\\\"bullet\\\"><span class=\\\"ql-ui\\\" contenteditable=\\\"false\\\"></span><strong>起源与萌芽（唐宋时期）：</strong> 📜</li><li data-list=\\\"bullet\\\"><span class=\\\"ql-ui\\\" contenteditable=\\\"false\\\"></span>早在<strong>南诏','{\"msg\":\"操作成功\",\"code\":200}',0,NULL,'2025-12-30 16:10:51',22),(170,'非遗展品',3,'com.ruoyi.heritage.controller.HeritageItemController.remove()','DELETE',1,'admin','研发部门','/heritage/heritage_manage/1','127.0.0.1','内网IP','[1] ','{\"msg\":\"操作成功\",\"code\":200}',0,NULL,'2025-12-30 16:36:05',38),(171,'非遗展品',2,'com.ruoyi.heritage.controller.HeritageItemController.edit()','PUT',1,'admin','研发部门','/heritage/heritage_manage','127.0.0.1','内网IP','{\"categoryId\":3,\"coverImage\":\"/profile/upload/2025/12/26/民居01_20251226165546A006.jpg\",\"craft\":\"<p>白族三合院的建造过程被誉为“木石与色彩的交响乐”：</p><ol><li data-list=\\\"ordered\\\"><span class=\\\"ql-ui\\\" contenteditable=\\\"false\\\"></span><strong>土木结构（榫卯技术）：</strong> 🏗️</li><li data-list=\\\"ordered\\\"><span class=\\\"ql-ui\\\" contenteditable=\\\"false\\\"></span>全屋采用上好的杉木或栗木，不露一颗钉子，完全依靠**榫卯（Sǔn Mǎo）**结构咬合。这种结构具有极佳的韧性，使建筑在大理的多震带上稳如泰山。</li><li data-list=\\\"ordered\\\"><span class=\\\"ql-ui\\\" contenteditable=\\\"false\\\"></span><strong>三雕一绘（装饰灵魂）：</strong> 🎨</li><li data-list=\\\"bullet\\\" class=\\\"ql-indent-1\\\"><span class=\\\"ql-ui\\\" contenteditable=\\\"false\\\"></span><strong>木雕：</strong> 门窗格心常采用五层透雕，刻画麒麟、凤凰及花卉。</li><li data-list=\\\"bullet\\\" class=\\\"ql-indent-1\\\"><span class=\\\"ql-ui\\\" contenteditable=\\\"false\\\"></span><strong>石雕：</strong> 柱础和阶石选用大理石（苍山石），坚固且纹路优雅。</li><li data-list=\\\"bullet\\\" class=\\\"ql-indent-1\\\"><span class=\\\"ql-ui\\\" contenteditable=\\\"false\\\"></span><strong>泥塑与彩绘：</strong> 在照壁和檐口处进行水墨彩绘，形成“素雅如画”的视觉风格。</li><li data-list=\\\"ordered\\\"><span class=\\\"ql-ui\\\" contenteditable=\\\"false\\\"></span><strong>照壁工艺：</strong> 墙体采用青砖封砌，表面抹以白灰，并在正中书写家训或绘上山水画，工艺极尽考究。🖌️</li></ol><h3>💡 录入小贴士：</h3><ol><li data-list=\\\"bullet\\\"><span class=\\\"ql-ui\\\" contenteditable=\\\"false\\\"></span>在你的系统展示页面，建议将**“照壁回光”**作为一个互动热点（Hotspot）来重点说明。</li><li data-list=\\\"bullet\\\"><span class=\\\"ql-ui\\\" contenteditable=\\\"false\\\"></span>如果你的 3D 模型支持交互，可以引导用户点击**“木雕门窗”**，弹窗显示刚才这段精美的工艺描述。</li></ol><p>祝你毕设顺利！这套文案配上你的 3D 展示，学术格调一下就拉满了。🚀</p>\",\"createBy\":\"\",\"createTime\":\"2025-12-26 16:56:01\",\"delFlag\":\"0\",\"description\":\"🏛️ 白族三合院，又称“三坊一照壁”，是大理白族民居建筑艺术的精髓。它由三座正房和一面装饰精美的照壁围合而成，形成了“封闭而不死、敞亮而不散”的独特空间。\\n其特色在于“白墙青瓦、木雕彩绘”，不仅防风防震，更通过照壁将洱海的晨曦反射进院落。这不仅是白族先民对自然环境的智慧适应，更是中华建筑美学中“天人合一”的生动体现。✨\",\"favoriteCount\":1,\"history\":\"<p>白族三合院的形成历史悠久，是一部浓缩的南诏与大理国文化交融史：</p><ol><li data-list=\\\"bullet\\\"><span class=\\\"ql-ui\\\" contenteditable=\\\"false\\\"></span><strong>起源与萌芽（唐宋时期）：</strong> 📜</li><li data-list=\\\"bullet\\\"><span class=\\\"ql-ui\\\" contenteditable=\\\"false\\\"></span>早在<strong>南诏','{\"msg\":\"操作成功\",\"code\":200}',0,NULL,'2025-12-30 17:21:28',61),(172,'菜单管理',2,'com.ruoyi.web.controller.system.SysMenuController.edit()','PUT',1,'admin','研发部门','/system/menu','127.0.0.1','内网IP','{\"children\":[],\"component\":\"heritage/category/index\",\"createTime\":\"2025-12-25 00:01:32\",\"icon\":\"tree\",\"isCache\":\"0\",\"isFrame\":\"1\",\"menuId\":2014,\"menuName\":\"非遗分类\",\"menuType\":\"C\",\"orderNum\":1,\"params\":{},\"parentId\":2013,\"path\":\"category\",\"perms\":\"heritage:category:list\",\"routeName\":\"\",\"status\":\"0\",\"updateBy\":\"admin\",\"visible\":\"0\"} ','{\"msg\":\"操作成功\",\"code\":200}',0,NULL,'2025-12-30 23:39:54',53),(173,'菜单管理',2,'com.ruoyi.web.controller.system.SysMenuController.edit()','PUT',1,'admin','研发部门','/system/menu','127.0.0.1','内网IP','{\"children\":[],\"component\":\"heritage/heritage_manage/index\",\"createTime\":\"2025-12-25 00:01:32\",\"icon\":\"list\",\"isCache\":\"0\",\"isFrame\":\"1\",\"menuId\":2020,\"menuName\":\"非遗展品\",\"menuType\":\"C\",\"orderNum\":1,\"params\":{},\"parentId\":2013,\"path\":\"heritage_manage\",\"perms\":\"heritage:heritage_manage:list\",\"routeName\":\"\",\"status\":\"0\",\"updateBy\":\"admin\",\"visible\":\"0\"} ','{\"msg\":\"操作成功\",\"code\":200}',0,NULL,'2025-12-30 23:40:10',27),(174,'菜单管理',2,'com.ruoyi.web.controller.system.SysMenuController.edit()','PUT',1,'admin','研发部门','/system/menu','127.0.0.1','内网IP','{\"children\":[],\"component\":\"heritage/heritage_manage/index\",\"createTime\":\"2025-12-25 00:01:32\",\"icon\":\"form\",\"isCache\":\"0\",\"isFrame\":\"1\",\"menuId\":2020,\"menuName\":\"非遗展品\",\"menuType\":\"C\",\"orderNum\":1,\"params\":{},\"parentId\":2013,\"path\":\"heritage_manage\",\"perms\":\"heritage:heritage_manage:list\",\"routeName\":\"\",\"status\":\"0\",\"updateBy\":\"admin\",\"visible\":\"0\"} ','{\"msg\":\"操作成功\",\"code\":200}',0,NULL,'2025-12-30 23:40:47',23),(175,'非遗展品',2,'com.ruoyi.heritage.controller.HeritageItemController.edit()','PUT',1,'admin','研发部门','/heritage/heritage_manage','127.0.0.1','内网IP','{\"categoryId\":3,\"coverImage\":\"/profile/upload/2025/12/26/民居01_20251226165546A006.jpg\",\"craft\":\"<p>白族三合院的建造过程被誉为“木石与色彩的交响乐”：</p><ol><li data-list=\\\"ordered\\\"><span class=\\\"ql-ui\\\" contenteditable=\\\"false\\\"></span><strong>土木结构（榫卯技术）：</strong> 🏗️</li><li data-list=\\\"ordered\\\"><span class=\\\"ql-ui\\\" contenteditable=\\\"false\\\"></span>全屋采用上好的杉木或栗木，不露一颗钉子，完全依靠**榫卯（Sǔn Mǎo）**结构咬合。这种结构具有极佳的韧性，使建筑在大理的多震带上稳如泰山。</li><li data-list=\\\"ordered\\\"><span class=\\\"ql-ui\\\" contenteditable=\\\"false\\\"></span><strong>三雕一绘（装饰灵魂）：</strong> 🎨</li><li data-list=\\\"bullet\\\" class=\\\"ql-indent-1\\\"><span class=\\\"ql-ui\\\" contenteditable=\\\"false\\\"></span><strong>木雕：</strong> 门窗格心常采用五层透雕，刻画麒麟、凤凰及花卉。</li><li data-list=\\\"bullet\\\" class=\\\"ql-indent-1\\\"><span class=\\\"ql-ui\\\" contenteditable=\\\"false\\\"></span><strong>石雕：</strong> 柱础和阶石选用大理石（苍山石），坚固且纹路优雅。</li><li data-list=\\\"bullet\\\" class=\\\"ql-indent-1\\\"><span class=\\\"ql-ui\\\" contenteditable=\\\"false\\\"></span><strong>泥塑与彩绘：</strong> 在照壁和檐口处进行水墨彩绘，形成“素雅如画”的视觉风格。</li><li data-list=\\\"ordered\\\"><span class=\\\"ql-ui\\\" contenteditable=\\\"false\\\"></span><strong>照壁工艺：</strong> 墙体采用青砖封砌，表面抹以白灰，并在正中书写家训或绘上山水画，工艺极尽考究。🖌️</li></ol>\",\"createBy\":\"\",\"createTime\":\"2025-12-26 16:56:01\",\"delFlag\":\"0\",\"description\":\"🏛️ 白族三合院，又称“三坊一照壁”，是大理白族民居建筑艺术的精髓。它由三座正房和一面装饰精美的照壁围合而成，形成了“封闭而不死、敞亮而不散”的独特空间。\\n其特色在于“白墙青瓦、木雕彩绘”，不仅防风防震，更通过照壁将洱海的晨曦反射进院落。这不仅是白族先民对自然环境的智慧适应，更是中华建筑美学中“天人合一”的生动体现。✨\",\"favoriteCount\":1,\"history\":\"<p>白族三合院的形成历史悠久，是一部浓缩的南诏与大理国文化交融史：</p><ol><li data-list=\\\"bullet\\\"><span class=\\\"ql-ui\\\" contenteditable=\\\"false\\\"></span><strong>起源与萌芽（唐宋时期）：</strong> 📜</li><li data-list=\\\"bullet\\\"><span class=\\\"ql-ui\\\" contenteditable=\\\"false\\\"></span>早在<strong>南诏国</strong>时期，白族先民受到中原唐代建筑风格的影响，开始从原始的干栏式建筑向土木结构院落转型。随着大理国的建立，这种格局逐渐固定，形成了最初的“坊”式结构。</li><li data-list=\\\"bullet\\\"><span class=\\\"ql-ui\\\" contenteditable=\\\"false\\\"></span><strong>演进与定型（明清时代）：</strong> 🏺</li><li data-list=\\\"bullet\\\"><span class=\\\"ql-ui\\\" contenteditable=\\\"false\\\"></span>明代“中原移民”潮带来了江淮地区的民居理念，白族工匠将其与大理多风、多震的地理环境结合。为了抵挡苍山','{\"msg\":\"操作成功\",\"code\":200}',0,NULL,'2025-12-31 00:13:42',69),(176,'非遗评论',1,'com.ruoyi.heritage.controller.HeritageCommentController.add()','POST',1,'admin','研发部门','/heritage/comment','127.0.0.1','内网IP','{\"commentId\":2,\"content\":\"111\",\"itemId\":5,\"params\":{},\"userId\":1} ','{\"msg\":\"操作成功\",\"code\":200}',0,NULL,'2025-12-31 00:14:34',130),(177,'菜单管理',1,'com.ruoyi.web.controller.system.SysMenuController.add()','POST',1,'admin','研发部门','/system/menu','127.0.0.1','内网IP','{\"children\":[],\"component\":\"heritage/user-center/publish\",\"createBy\":\"admin\",\"icon\":\"edit\",\"isCache\":\"0\",\"isFrame\":\"1\",\"menuName\":\"我的发布\",\"menuType\":\"C\",\"orderNum\":2,\"params\":{},\"parentId\":2028,\"path\":\"my-publish\",\"perms\":\"heritage:heritage_manage:list\",\"routeName\":\"MyPublish\",\"status\":\"0\",\"visible\":\"0\"} ','{\"msg\":\"操作成功\",\"code\":200}',0,NULL,'2025-12-31 12:22:40',53),(178,'非遗展品',2,'com.ruoyi.heritage.controller.HeritageItemController.edit()','PUT',1,'admin','研发部门','/heritage/heritage_manage','127.0.0.1','内网IP','{\"categoryId\":2,\"coverImage\":\"/profile/upload/2025/12/26/服饰01_20251226163540A003.jpg\",\"craft\":\"<p><span style=\\\"background-color: rgb(255, 255, 255); color: rgb(0, 0, 0);\\\">采用</span><strong style=\\\"background-color: rgb(255, 255, 255); color: rgb(0, 0, 0);\\\">手工缝制</strong><span style=\\\"background-color: rgb(255, 255, 255); color: rgb(0, 0, 0);\\\">为核心工艺，辅以白族特色的</span><strong style=\\\"background-color: rgb(255, 255, 255); color: rgb(0, 0, 0);\\\">扎染、刺绣</strong><span style=\\\"background-color: rgb(255, 255, 255); color: rgb(0, 0, 0);\\\">技法：</span></p><ol><li data-list=\\\"bullet\\\"><span class=\\\"ql-ui\\\" contenteditable=\\\"false\\\"></span><span style=\\\"background-color: rgb(255, 255, 255); color: rgb(0, 0, 0);\\\">扎染：通过纱、线等工具捆扎布料后染色，形成蓝白相间的自然纹理；</span></li><li data-list=\\\"bullet\\\"><span class=\\\"ql-ui\\\" contenteditable=\\\"false\\\"></span><span style=\\\"background-color: rgb(255, 255, 255); color: rgb(0, 0, 0);\\\">刺绣：多以花鸟、几何纹样为主题，用细密针法装饰领口、袖口等部位，兼具装饰性与耐用性。</span></li></ol><p><br></p>\",\"createBy\":\"admin\",\"createTime\":\"2025-12-24 23:10:31\",\"delFlag\":\"0\",\"description\":\"白族传统服饰以白色为基调，搭配蓝、黑、红等色彩纹样，风格清新雅致，既体现 “白族” 尚白的文化传统，又融合了地域审美与生活实用性。\",\"favoriteCount\":0,\"history\":\"<p><span style=\\\"background-color: rgb(255, 255, 255); color: rgb(0, 0, 0);\\\">白族传统服饰的风格脉络，深深植根于其民族发展的漫长进程中，最早可追溯至先秦时期的 “滇僰” 族群服饰遗风 —— 彼时滇中地区的土著族群已形成 “衣麻披葛、尚素色” 的着装特点，这一偏好也成为后世白族 “尚白” 文化的雏形。到南诏国（738-902 年）与大理国（937-1253 年）时期，白族服饰迎来了风格定型的关键阶段：一方面，南诏王室与中原王朝的频繁交流，让中原服饰的交领、右衽、宽袖等剪裁元素融入白族服饰，例如女性上衣的 “右衽大襟” 款式，便与唐代中原女子常服有着明显的传承关联；另一方面，大理国 “政教合一” 的文化氛围，让佛教元素开始渗透到服饰细节中，部分服饰纹样中出现的 “莲花、卷草” 等图案，正是当时佛教盛行的视觉投射。</span></p><p><span style=\\\"background-color: rgb(255, 255, 255); color: rgb(0, 0, 0);\\\">宋元至明清时期，白族服饰在地域文化的沉淀中进一步细化：明代推行 “改土归流” 政策后，中原纺织技艺（如棉纺、丝绣）传入白族聚居区，使得服饰的面料从传统麻料拓展为棉、丝混纺，装饰工艺也从简单的印染发展出更精细的 “盘绣”“扣绣”；而清代白族与周边彝族、纳西族的贸易往来，又让服饰配色中融入了彝族的 “红褐”、纳西族的 “青黑” 等色调，形成了 “白为底、彩为饰” 的经典搭配逻辑。</span></p><p><span style=\\\"background-color: rgb(255, 255, 255); color: rgb(0, 0, 0);\\\">近现代以来，白族服饰虽受现代服装影响出现简化款式，但核心元素始终得以保留：例如男性的 “白色对襟褂子”，其版型仍延续了南诏时期 “短褐窄袖” 的实用设计（便于田','{\"msg\":\"操作成功\",\"code\":200}',0,NULL,'2025-12-31 13:04:54',35),(179,'非遗展品',2,'com.ruoyi.heritage.controller.HeritageItemController.edit()','PUT',1,'admin','研发部门','/heritage/heritage_manage','127.0.0.1','内网IP','{\"categoryId\":2,\"coverImage\":\"/profile/upload/2025/12/26/服饰01_20251226163540A003.jpg\",\"craft\":\"<p><span style=\\\"background-color: rgb(255, 255, 255); color: rgb(0, 0, 0);\\\">采用</span><strong style=\\\"background-color: rgb(255, 255, 255); color: rgb(0, 0, 0);\\\">手工缝制</strong><span style=\\\"background-color: rgb(255, 255, 255); color: rgb(0, 0, 0);\\\">为核心工艺，辅以白族特色的</span><strong style=\\\"background-color: rgb(255, 255, 255); color: rgb(0, 0, 0);\\\">扎染、刺绣</strong><span style=\\\"background-color: rgb(255, 255, 255); color: rgb(0, 0, 0);\\\">技法：</span></p><ol><li data-list=\\\"bullet\\\"><span class=\\\"ql-ui\\\" contenteditable=\\\"false\\\"></span><span style=\\\"background-color: rgb(255, 255, 255); color: rgb(0, 0, 0);\\\">扎染：通过纱、线等工具捆扎布料后染色，形成蓝白相间的自然纹理；</span></li><li data-list=\\\"bullet\\\"><span class=\\\"ql-ui\\\" contenteditable=\\\"false\\\"></span><span style=\\\"background-color: rgb(255, 255, 255); color: rgb(0, 0, 0);\\\">刺绣：多以花鸟、几何纹样为主题，用细密针法装饰领口、袖口等部位，兼具装饰性与耐用性。</span></li></ol><p><br></p>\",\"createBy\":\"admin\",\"createTime\":\"2025-12-24 23:10:31\",\"delFlag\":\"0\",\"description\":\"白族传统服饰以白色为基调，搭配蓝、黑、红等色彩纹样，风格清新雅致，既体现 “白族” 尚白的文化传统，又融合了地域审美与生活实用性。\",\"favoriteCount\":0,\"history\":\"<p><span style=\\\"background-color: rgb(255, 255, 255); color: rgb(0, 0, 0);\\\">白族传统服饰的风格脉络，深深植根于其民族发展的漫长进程中，最早可追溯至先秦时期的 “滇僰” 族群服饰遗风 —— 彼时滇中地区的土著族群已形成 “衣麻披葛、尚素色” 的着装特点，这一偏好也成为后世白族 “尚白” 文化的雏形。到南诏国（738-902 年）与大理国（937-1253 年）时期，白族服饰迎来了风格定型的关键阶段：一方面，南诏王室与中原王朝的频繁交流，让中原服饰的交领、右衽、宽袖等剪裁元素融入白族服饰，例如女性上衣的 “右衽大襟” 款式，便与唐代中原女子常服有着明显的传承关联；另一方面，大理国 “政教合一” 的文化氛围，让佛教元素开始渗透到服饰细节中，部分服饰纹样中出现的 “莲花、卷草” 等图案，正是当时佛教盛行的视觉投射。</span></p><p><span style=\\\"background-color: rgb(255, 255, 255); color: rgb(0, 0, 0);\\\">宋元至明清时期，白族服饰在地域文化的沉淀中进一步细化：明代推行 “改土归流” 政策后，中原纺织技艺（如棉纺、丝绣）传入白族聚居区，使得服饰的面料从传统麻料拓展为棉、丝混纺，装饰工艺也从简单的印染发展出更精细的 “盘绣”“扣绣”；而清代白族与周边彝族、纳西族的贸易往来，又让服饰配色中融入了彝族的 “红褐”、纳西族的 “青黑” 等色调，形成了 “白为底、彩为饰” 的经典搭配逻辑。</span></p><p><span style=\\\"background-color: rgb(255, 255, 255); color: rgb(0, 0, 0);\\\">近现代以来，白族服饰虽受现代服装影响出现简化款式，但核心元素始终得以保留：例如男性的 “白色对襟褂子”，其版型仍延续了南诏时期 “短褐窄袖” 的实用设计（便于田','{\"msg\":\"操作成功\",\"code\":200}',0,NULL,'2025-12-31 13:05:47',19),(180,'非遗展品',1,'com.ruoyi.heritage.controller.HeritageItemController.add()','POST',1,'admin','研发部门','/heritage/heritage_manage','127.0.0.1','内网IP','{\"categoryId\":1,\"createBy\":\"admin\",\"createTime\":\"2025-12-31 13:37:02\",\"favoriteCount\":0,\"isCollected\":false,\"isLiked\":false,\"itemId\":12,\"itemName\":\"demo\",\"likeCount\":0,\"params\":{},\"sortOrder\":0,\"status\":0,\"viewCount\":0} ','{\"msg\":\"操作成功\",\"code\":200}',0,NULL,'2025-12-31 13:37:02',42),(181,'非遗展品',3,'com.ruoyi.heritage.controller.HeritageItemController.remove()','DELETE',1,'admin','研发部门','/heritage/heritage_manage/12','127.0.0.1','内网IP','[12] ','{\"msg\":\"操作成功\",\"code\":200}',0,NULL,'2025-12-31 13:52:22',41),(182,'非遗展品',1,'com.ruoyi.heritage.controller.HeritageItemController.add()','POST',1,'admin','研发部门','/heritage/heritage_manage','127.0.0.1','内网IP','{\"categoryId\":1,\"createBy\":\"admin\",\"createTime\":\"2025-12-31 13:52:40\",\"favoriteCount\":0,\"isCollected\":false,\"isLiked\":false,\"itemId\":13,\"itemName\":\"demo\",\"likeCount\":0,\"params\":{},\"sortOrder\":0,\"status\":0,\"viewCount\":0} ','{\"msg\":\"操作成功\",\"code\":200}',0,NULL,'2025-12-31 13:52:40',35),(183,'非遗展品',1,'com.ruoyi.heritage.controller.HeritageItemController.add()','POST',1,'admin','研发部门','/heritage/heritage_manage','127.0.0.1','内网IP','{\"categoryId\":1,\"craft\":\"<p><br></p>\",\"createBy\":\"admin\",\"createTime\":\"2025-12-31 14:03:45\",\"favoriteCount\":0,\"history\":\"<p><br></p>\",\"isCollected\":false,\"isLiked\":false,\"itemId\":15,\"itemName\":\"demo\",\"likeCount\":0,\"params\":{},\"sortOrder\":0,\"status\":0,\"viewCount\":0} ','{\"msg\":\"操作成功\",\"code\":200}',0,NULL,'2025-12-31 14:03:46',228),(184,'非遗展品',3,'com.ruoyi.heritage.controller.HeritageItemController.remove()','DELETE',1,'admin','研发部门','/heritage/heritage_manage/15','127.0.0.1','内网IP','[15] ','{\"msg\":\"操作成功\",\"code\":200}',0,NULL,'2025-12-31 14:15:42',54),(185,'非遗展品',1,'com.ruoyi.heritage.controller.HeritageItemController.add()','POST',1,'admin','研发部门','/heritage/heritage_manage','127.0.0.1','内网IP','{\"categoryId\":1,\"craft\":\"<p><br></p>\",\"createBy\":\"admin\",\"createTime\":\"2025-12-31 14:15:54\",\"favoriteCount\":0,\"history\":\"<p><br></p>\",\"isCollected\":false,\"isLiked\":false,\"itemId\":16,\"itemName\":\"demo\",\"likeCount\":0,\"params\":{},\"sortOrder\":0,\"status\":0,\"updateTime\":\"2025-12-31 14:15:54\",\"viewCount\":0} ','{\"msg\":\"操作成功\",\"code\":200}',0,NULL,'2025-12-31 14:15:54',33),(186,'非遗展品',3,'com.ruoyi.heritage.controller.HeritageItemController.remove()','DELETE',1,'admin','研发部门','/heritage/heritage_manage/16','127.0.0.1','内网IP','[16] ','{\"msg\":\"操作成功\",\"code\":200}',0,NULL,'2025-12-31 14:16:28',17),(187,'代码生成',6,'com.ruoyi.generator.controller.GenController.importTableSave()','POST',1,'admin','研发部门','/tool/gen/importTable','127.0.0.1','内网IP','{\"tables\":\"heritage_inheritor\"}','{\"msg\":\"操作成功\",\"code\":200}',0,NULL,'2026-01-02 16:53:16',223),(188,'代码生成',2,'com.ruoyi.generator.controller.GenController.editSave()','PUT',1,'admin','研发部门','/tool/gen','127.0.0.1','内网IP','{\"businessName\":\"inheritor\",\"className\":\"HeritageInheritor\",\"columns\":[{\"capJavaField\":\"InheritorId\",\"columnComment\":\"传承人ID\",\"columnId\":31,\"columnName\":\"inheritor_id\",\"columnType\":\"bigint\",\"createBy\":\"admin\",\"createTime\":\"2026-01-02 16:53:16\",\"dictType\":\"\",\"edit\":false,\"htmlType\":\"input\",\"increment\":true,\"insert\":false,\"isIncrement\":\"1\",\"isInsert\":\"0\",\"isPk\":\"1\",\"isRequired\":\"0\",\"javaField\":\"inheritorId\",\"javaType\":\"Long\",\"list\":false,\"params\":{},\"pk\":true,\"query\":false,\"queryType\":\"EQ\",\"required\":false,\"sort\":1,\"superColumn\":false,\"tableId\":3,\"updateBy\":\"\",\"usableColumn\":false},{\"capJavaField\":\"Name\",\"columnComment\":\"姓名\",\"columnId\":32,\"columnName\":\"name\",\"columnType\":\"varchar(100)\",\"createBy\":\"admin\",\"createTime\":\"2026-01-02 16:53:16\",\"dictType\":\"\",\"edit\":true,\"htmlType\":\"input\",\"increment\":false,\"insert\":true,\"isEdit\":\"1\",\"isIncrement\":\"0\",\"isInsert\":\"1\",\"isList\":\"1\",\"isPk\":\"0\",\"isQuery\":\"1\",\"isRequired\":\"1\",\"javaField\":\"name\",\"javaType\":\"String\",\"list\":true,\"params\":{},\"pk\":false,\"query\":true,\"queryType\":\"LIKE\",\"required\":true,\"sort\":2,\"superColumn\":false,\"tableId\":3,\"updateBy\":\"\",\"usableColumn\":false},{\"capJavaField\":\"Avatar\",\"columnComment\":\"个人照片\",\"columnId\":33,\"columnName\":\"avatar\",\"columnType\":\"varchar(500)\",\"createBy\":\"admin\",\"createTime\":\"2026-01-02 16:53:16\",\"dictType\":\"\",\"edit\":true,\"htmlType\":\"imageUpload\",\"increment\":false,\"insert\":true,\"isEdit\":\"1\",\"isIncrement\":\"0\",\"isInsert\":\"1\",\"isList\":\"1\",\"isPk\":\"0\",\"isQuery\":\"0\",\"isRequired\":\"0\",\"javaField\":\"avatar\",\"javaType\":\"String\",\"list\":true,\"params\":{},\"pk\":false,\"query\":false,\"queryType\":\"EQ\",\"required\":false,\"sort\":3,\"superColumn\":false,\"tableId\":3,\"updateBy\":\"\",\"usableColumn\":false},{\"capJavaField\":\"Level\",\"columnComment\":\"级别（1国家级 2省级 3市级 4县级）\",\"columnId\":34,\"columnName\":\"level\",\"columnType\":\"char(1)\",\"createBy\":\"admin\",\"createTime\":\"2026-01-02 16:53:16\",\"dictType\":\"\",\"edit\":true,\"htmlType\":\"select\",\"increment\":false,\"insert\":true,\"isEdit\":\"1\",\"isIncrement\":\"0\",\"isInsert\":\"1\",\"isList\":\"1\",\"isPk\":\"0\",\"is','{\"msg\":\"操作成功\",\"code\":200}',0,NULL,'2026-01-02 17:00:54',117),(189,'字典类型',1,'com.ruoyi.web.controller.system.SysDictTypeController.add()','POST',1,'admin','研发部门','/system/dict/type','127.0.0.1','内网IP','{\"createBy\":\"admin\",\"dictName\":\"传承人级别\",\"dictType\":\"heritage_level\",\"params\":{},\"remark\":\"传承人级别\",\"status\":\"0\"} ','{\"msg\":\"操作成功\",\"code\":200}',0,NULL,'2026-01-02 17:02:20',32),(190,'字典数据',1,'com.ruoyi.web.controller.system.SysDictDataController.add()','POST',1,'admin','研发部门','/system/dict/data','127.0.0.1','内网IP','{\"createBy\":\"admin\",\"default\":false,\"dictLabel\":\"国家级\",\"dictSort\":1,\"dictType\":\"heritage_level\",\"dictValue\":\"1\",\"listClass\":\"danger\",\"params\":{},\"remark\":\"非遗最高级别称号\",\"status\":\"0\"} ','{\"msg\":\"操作成功\",\"code\":200}',0,NULL,'2026-01-02 17:08:50',40),(191,'字典数据',1,'com.ruoyi.web.controller.system.SysDictDataController.add()','POST',1,'admin','研发部门','/system/dict/data','127.0.0.1','内网IP','{\"createBy\":\"admin\",\"default\":false,\"dictLabel\":\"省级\",\"dictSort\":2,\"dictType\":\"heritage_level\",\"dictValue\":\"2\",\"listClass\":\"warning\",\"params\":{},\"status\":\"0\"} ','{\"msg\":\"操作成功\",\"code\":200}',0,NULL,'2026-01-02 17:09:18',33),(192,'字典数据',1,'com.ruoyi.web.controller.system.SysDictDataController.add()','POST',1,'admin','研发部门','/system/dict/data','127.0.0.1','内网IP','{\"createBy\":\"admin\",\"default\":false,\"dictLabel\":\"市级\",\"dictSort\":3,\"dictType\":\"heritage_level\",\"dictValue\":\"3\",\"listClass\":\"success\",\"params\":{},\"status\":\"0\"} ','{\"msg\":\"操作成功\",\"code\":200}',0,NULL,'2026-01-02 17:09:45',33),(193,'字典数据',1,'com.ruoyi.web.controller.system.SysDictDataController.add()','POST',1,'admin','研发部门','/system/dict/data','127.0.0.1','内网IP','{\"createBy\":\"admin\",\"default\":false,\"dictLabel\":\"县级\",\"dictSort\":4,\"dictType\":\"heritage_level\",\"dictValue\":\"4\",\"listClass\":\"info\",\"params\":{},\"status\":\"0\"} ','{\"msg\":\"操作成功\",\"code\":200}',0,NULL,'2026-01-02 17:10:05',31),(194,'代码生成',2,'com.ruoyi.generator.controller.GenController.editSave()','PUT',1,'admin','研发部门','/tool/gen','127.0.0.1','内网IP','{\"businessName\":\"inheritor\",\"className\":\"HeritageInheritor\",\"columns\":[{\"capJavaField\":\"InheritorId\",\"columnComment\":\"传承人ID\",\"columnId\":31,\"columnName\":\"inheritor_id\",\"columnType\":\"bigint\",\"createBy\":\"admin\",\"createTime\":\"2026-01-02 16:53:16\",\"dictType\":\"\",\"edit\":false,\"htmlType\":\"input\",\"increment\":true,\"insert\":false,\"isIncrement\":\"1\",\"isInsert\":\"0\",\"isPk\":\"1\",\"isRequired\":\"0\",\"javaField\":\"inheritorId\",\"javaType\":\"Long\",\"list\":false,\"params\":{},\"pk\":true,\"query\":false,\"queryType\":\"EQ\",\"required\":false,\"sort\":1,\"superColumn\":false,\"tableId\":3,\"updateBy\":\"\",\"updateTime\":\"2026-01-02 17:00:54\",\"usableColumn\":false},{\"capJavaField\":\"Name\",\"columnComment\":\"姓名\",\"columnId\":32,\"columnName\":\"name\",\"columnType\":\"varchar(100)\",\"createBy\":\"admin\",\"createTime\":\"2026-01-02 16:53:16\",\"dictType\":\"\",\"edit\":true,\"htmlType\":\"input\",\"increment\":false,\"insert\":true,\"isEdit\":\"1\",\"isIncrement\":\"0\",\"isInsert\":\"1\",\"isList\":\"1\",\"isPk\":\"0\",\"isQuery\":\"1\",\"isRequired\":\"1\",\"javaField\":\"name\",\"javaType\":\"String\",\"list\":true,\"params\":{},\"pk\":false,\"query\":true,\"queryType\":\"LIKE\",\"required\":true,\"sort\":2,\"superColumn\":false,\"tableId\":3,\"updateBy\":\"\",\"updateTime\":\"2026-01-02 17:00:54\",\"usableColumn\":false},{\"capJavaField\":\"Avatar\",\"columnComment\":\"个人照片\",\"columnId\":33,\"columnName\":\"avatar\",\"columnType\":\"varchar(500)\",\"createBy\":\"admin\",\"createTime\":\"2026-01-02 16:53:16\",\"dictType\":\"\",\"edit\":true,\"htmlType\":\"imageUpload\",\"increment\":false,\"insert\":true,\"isEdit\":\"1\",\"isIncrement\":\"0\",\"isInsert\":\"1\",\"isList\":\"1\",\"isPk\":\"0\",\"isQuery\":\"0\",\"isRequired\":\"0\",\"javaField\":\"avatar\",\"javaType\":\"String\",\"list\":true,\"params\":{},\"pk\":false,\"query\":false,\"queryType\":\"EQ\",\"required\":false,\"sort\":3,\"superColumn\":false,\"tableId\":3,\"updateBy\":\"\",\"updateTime\":\"2026-01-02 17:00:54\",\"usableColumn\":false},{\"capJavaField\":\"Level\",\"columnComment\":\"级别（1国家级 2省级 3市级 4县级）\",\"columnId\":34,\"columnName\":\"level\",\"columnType\":\"char(1)\",\"createBy\":\"admin\",\"createTime\":\"2026-01-02 16:53:16\",\"dictType\":\"heritage_level\",\"edit\":true,\"htmlT','{\"msg\":\"操作成功\",\"code\":200}',0,NULL,'2026-01-02 17:13:43',79),(195,'代码生成',8,'com.ruoyi.generator.controller.GenController.batchGenCode()','GET',1,'admin','研发部门','/tool/gen/batchGenCode','127.0.0.1','内网IP','{\"tables\":\"heritage_inheritor\"}',NULL,0,NULL,'2026-01-02 17:14:12',385),(196,'代码生成',2,'com.ruoyi.generator.controller.GenController.editSave()','PUT',1,'admin','研发部门','/tool/gen','127.0.0.1','内网IP','{\"businessName\":\"inheritor\",\"className\":\"HeritageInheritor\",\"columns\":[{\"capJavaField\":\"InheritorId\",\"columnComment\":\"传承人ID\",\"columnId\":31,\"columnName\":\"inheritor_id\",\"columnType\":\"bigint\",\"createBy\":\"admin\",\"createTime\":\"2026-01-02 16:53:16\",\"dictType\":\"\",\"edit\":false,\"htmlType\":\"input\",\"increment\":true,\"insert\":false,\"isIncrement\":\"1\",\"isInsert\":\"0\",\"isPk\":\"1\",\"isRequired\":\"0\",\"javaField\":\"inheritorId\",\"javaType\":\"Long\",\"list\":false,\"params\":{},\"pk\":true,\"query\":false,\"queryType\":\"EQ\",\"required\":false,\"sort\":1,\"superColumn\":false,\"tableId\":3,\"updateBy\":\"\",\"updateTime\":\"2026-01-02 17:13:43\",\"usableColumn\":false},{\"capJavaField\":\"Name\",\"columnComment\":\"姓名\",\"columnId\":32,\"columnName\":\"name\",\"columnType\":\"varchar(100)\",\"createBy\":\"admin\",\"createTime\":\"2026-01-02 16:53:16\",\"dictType\":\"\",\"edit\":true,\"htmlType\":\"input\",\"increment\":false,\"insert\":true,\"isEdit\":\"1\",\"isIncrement\":\"0\",\"isInsert\":\"1\",\"isList\":\"1\",\"isPk\":\"0\",\"isQuery\":\"1\",\"isRequired\":\"1\",\"javaField\":\"name\",\"javaType\":\"String\",\"list\":true,\"params\":{},\"pk\":false,\"query\":true,\"queryType\":\"LIKE\",\"required\":true,\"sort\":2,\"superColumn\":false,\"tableId\":3,\"updateBy\":\"\",\"updateTime\":\"2026-01-02 17:13:43\",\"usableColumn\":false},{\"capJavaField\":\"Avatar\",\"columnComment\":\"个人照片\",\"columnId\":33,\"columnName\":\"avatar\",\"columnType\":\"varchar(500)\",\"createBy\":\"admin\",\"createTime\":\"2026-01-02 16:53:16\",\"dictType\":\"\",\"edit\":true,\"htmlType\":\"imageUpload\",\"increment\":false,\"insert\":true,\"isEdit\":\"1\",\"isIncrement\":\"0\",\"isInsert\":\"1\",\"isList\":\"1\",\"isPk\":\"0\",\"isQuery\":\"0\",\"isRequired\":\"0\",\"javaField\":\"avatar\",\"javaType\":\"String\",\"list\":true,\"params\":{},\"pk\":false,\"query\":false,\"queryType\":\"EQ\",\"required\":false,\"sort\":3,\"superColumn\":false,\"tableId\":3,\"updateBy\":\"\",\"updateTime\":\"2026-01-02 17:13:43\",\"usableColumn\":false},{\"capJavaField\":\"Level\",\"columnComment\":\"级别（1国家级 2省级 3市级 4县级）\",\"columnId\":34,\"columnName\":\"level\",\"columnType\":\"char(1)\",\"createBy\":\"admin\",\"createTime\":\"2026-01-02 16:53:16\",\"dictType\":\"heritage_level\",\"edit\":true,\"htmlT','{\"msg\":\"操作成功\",\"code\":200}',0,NULL,'2026-01-02 17:28:41',189),(197,'代码生成',8,'com.ruoyi.generator.controller.GenController.batchGenCode()','GET',1,'admin','研发部门','/tool/gen/batchGenCode','127.0.0.1','内网IP','{\"tables\":\"heritage_inheritor\"}',NULL,0,NULL,'2026-01-02 17:28:45',123),(198,'菜单管理',1,'com.ruoyi.web.controller.system.SysMenuController.add()','POST',1,'admin','研发部门','/system/menu','127.0.0.1','内网IP','{\"children\":[],\"component\":\"views/heritage/inheritor/map.vue\",\"createBy\":\"admin\",\"icon\":\"education\",\"isCache\":\"0\",\"isFrame\":\"1\",\"menuName\":\"传承图谱\",\"menuType\":\"C\",\"orderNum\":2,\"params\":{},\"parentId\":0,\"path\":\"inherit-map\",\"status\":\"0\",\"visible\":\"0\"} ','{\"msg\":\"操作成功\",\"code\":200}',0,NULL,'2026-01-02 18:58:31',70),(199,'菜单管理',2,'com.ruoyi.web.controller.system.SysMenuController.edit()','PUT',1,'admin','研发部门','/system/menu','127.0.0.1','内网IP','{\"children\":[],\"component\":\"heritage/inheritor/map.vue\",\"createTime\":\"2026-01-02 18:58:31\",\"icon\":\"education\",\"isCache\":\"0\",\"isFrame\":\"1\",\"menuId\":2037,\"menuName\":\"传承图谱\",\"menuType\":\"C\",\"orderNum\":2,\"params\":{},\"parentId\":0,\"path\":\"inherit-map\",\"perms\":\"\",\"routeName\":\"\",\"status\":\"0\",\"updateBy\":\"admin\",\"visible\":\"0\"} ','{\"msg\":\"操作成功\",\"code\":200}',0,NULL,'2026-01-02 18:59:04',32),(200,'菜单管理',2,'com.ruoyi.web.controller.system.SysMenuController.edit()','PUT',1,'admin','研发部门','/system/menu','127.0.0.1','内网IP','{\"children\":[],\"component\":\"heritage/inheritor/map\",\"createTime\":\"2026-01-02 18:58:31\",\"icon\":\"education\",\"isCache\":\"0\",\"isFrame\":\"1\",\"menuId\":2037,\"menuName\":\"传承图谱\",\"menuType\":\"C\",\"orderNum\":2,\"params\":{},\"parentId\":0,\"path\":\"inherit-map\",\"perms\":\"\",\"routeName\":\"\",\"status\":\"0\",\"updateBy\":\"admin\",\"visible\":\"0\"} ','{\"msg\":\"操作成功\",\"code\":200}',0,NULL,'2026-01-02 19:00:32',33),(201,'菜单管理',2,'com.ruoyi.web.controller.system.SysMenuController.edit()','PUT',1,'admin','研发部门','/system/menu','127.0.0.1','内网IP','{\"children\":[],\"createTime\":\"2025-12-25 00:00:00\",\"icon\":\"server\",\"isCache\":\"0\",\"isFrame\":\"1\",\"menuId\":2013,\"menuName\":\"非遗管理\",\"menuType\":\"M\",\"orderNum\":8,\"params\":{},\"parentId\":0,\"path\":\"heritage\",\"perms\":\"\",\"routeName\":\"\",\"status\":\"0\",\"updateBy\":\"admin\",\"visible\":\"0\"} ','{\"msg\":\"操作成功\",\"code\":200}',0,NULL,'2026-01-02 19:13:43',54),(202,'菜单管理',2,'com.ruoyi.web.controller.system.SysMenuController.edit()','PUT',1,'admin','研发部门','/system/menu','127.0.0.1','内网IP','{\"children\":[],\"component\":\"heritage/inheritor/index\",\"createTime\":\"2026-01-02 17:16:15\",\"icon\":\"tree-table\",\"isCache\":\"0\",\"isFrame\":\"1\",\"menuId\":2031,\"menuName\":\"非遗传承人\",\"menuType\":\"C\",\"orderNum\":1,\"params\":{},\"parentId\":2013,\"path\":\"inheritor\",\"perms\":\"heritage:inheritor:list\",\"routeName\":\"\",\"status\":\"0\",\"updateBy\":\"admin\",\"visible\":\"0\"} ','{\"msg\":\"操作成功\",\"code\":200}',0,NULL,'2026-01-02 19:16:47',33),(203,'非遗分类',2,'com.ruoyi.heritage.controller.HeritageCategoryController.edit()','PUT',1,'admin','研发部门','/heritage/category','127.0.0.1','内网IP','{\"categoryCode\":\"CRAFT_ZR\",\"categoryId\":10,\"categoryName\":\"白族扎染\",\"children\":[],\"createBy\":\"\",\"createTime\":\"2026-01-02 23:36:47\",\"delFlag\":\"0\",\"params\":{},\"parentId\":1,\"sortOrder\":1,\"status\":0,\"updateBy\":\"\",\"updateTime\":\"2026-01-03 00:54:08\"} ','{\"msg\":\"操作成功\",\"code\":200}',0,NULL,'2026-01-03 00:54:09',59),(204,'非遗分类',2,'com.ruoyi.heritage.controller.HeritageCategoryController.edit()','PUT',1,'admin','研发部门','/heritage/category','127.0.0.1','内网IP','{\"categoryCode\":\"CRAFT_MD\",\"categoryId\":11,\"categoryName\":\"剑川木雕\",\"children\":[],\"createBy\":\"\",\"createTime\":\"2026-01-02 23:36:47\",\"delFlag\":\"0\",\"params\":{},\"parentId\":1,\"sortOrder\":2,\"status\":0,\"updateBy\":\"\",\"updateTime\":\"2026-01-03 00:54:13\"} ','{\"msg\":\"操作成功\",\"code\":200}',0,NULL,'2026-01-03 00:54:13',14),(205,'非遗分类',2,'com.ruoyi.heritage.controller.HeritageCategoryController.edit()','PUT',1,'admin','研发部门','/heritage/category','127.0.0.1','内网IP','{\"categoryCode\":\"CRAFT_YQ\",\"categoryId\":12,\"categoryName\":\"鹤庆银器锻制\",\"children\":[],\"createBy\":\"\",\"createTime\":\"2026-01-02 23:36:47\",\"delFlag\":\"0\",\"params\":{},\"parentId\":1,\"sortOrder\":3,\"status\":0,\"updateBy\":\"\",\"updateTime\":\"2026-01-03 00:54:21\"} ','{\"msg\":\"操作成功\",\"code\":200}',0,NULL,'2026-01-03 00:54:21',14),(206,'非遗分类',2,'com.ruoyi.heritage.controller.HeritageCategoryController.edit()','PUT',1,'admin','研发部门','/heritage/category','127.0.0.1','内网IP','{\"categoryCode\":\"CRAFT_TT\",\"categoryId\":13,\"categoryName\":\"白族土陶制作\",\"children\":[],\"createBy\":\"\",\"createTime\":\"2026-01-02 23:36:47\",\"delFlag\":\"0\",\"params\":{},\"parentId\":1,\"sortOrder\":4,\"status\":0,\"updateBy\":\"\",\"updateTime\":\"2026-01-03 00:54:29\"} ','{\"msg\":\"操作成功\",\"code\":200}',0,NULL,'2026-01-03 00:54:29',17),(207,'非遗分类',2,'com.ruoyi.heritage.controller.HeritageCategoryController.edit()','PUT',1,'admin','研发部门','/heritage/category','127.0.0.1','内网IP','{\"categoryCode\":\"CRAFT_QQ\",\"categoryId\":14,\"categoryName\":\"白族漆器\",\"children\":[],\"createBy\":\"\",\"createTime\":\"2026-01-02 23:36:47\",\"delFlag\":\"0\",\"params\":{},\"parentId\":1,\"sortOrder\":5,\"status\":0,\"updateBy\":\"\",\"updateTime\":\"2026-01-03 00:54:40\"} ','{\"msg\":\"操作成功\",\"code\":200}',0,NULL,'2026-01-03 00:54:40',17),(208,'非遗分类',2,'com.ruoyi.heritage.controller.HeritageCategoryController.edit()','PUT',1,'admin','研发部门','/heritage/category','127.0.0.1','内网IP','{\"categoryCode\":\"CRAFT_YQ\",\"categoryId\":12,\"categoryName\":\"鹤庆银器\",\"children\":[],\"createBy\":\"\",\"createTime\":\"2026-01-02 23:36:47\",\"delFlag\":\"0\",\"params\":{},\"parentId\":1,\"sortOrder\":3,\"status\":0,\"updateBy\":\"\",\"updateTime\":\"2026-01-03 00:54:44\"} ','{\"msg\":\"操作成功\",\"code\":200}',0,NULL,'2026-01-03 00:54:44',15),(209,'非遗分类',2,'com.ruoyi.heritage.controller.HeritageCategoryController.edit()','PUT',1,'admin','研发部门','/heritage/category','127.0.0.1','内网IP','{\"categoryCode\":\"CRAFT_TT\",\"categoryId\":13,\"categoryName\":\"白族土陶\",\"children\":[],\"createBy\":\"\",\"createTime\":\"2026-01-02 23:36:47\",\"delFlag\":\"0\",\"params\":{},\"parentId\":1,\"sortOrder\":4,\"status\":0,\"updateBy\":\"\",\"updateTime\":\"2026-01-03 00:54:48\"} ','{\"msg\":\"操作成功\",\"code\":200}',0,NULL,'2026-01-03 00:54:48',14),(210,'非遗分类',2,'com.ruoyi.heritage.controller.HeritageCategoryController.edit()','PUT',1,'admin','研发部门','/heritage/category','127.0.0.1','内网IP','{\"categoryCode\":\"CRAFT_ZC\",\"categoryId\":15,\"categoryName\":\"白族制茶\",\"children\":[],\"createBy\":\"\",\"createTime\":\"2026-01-02 23:36:47\",\"delFlag\":\"0\",\"params\":{},\"parentId\":1,\"sortOrder\":6,\"status\":0,\"updateBy\":\"\",\"updateTime\":\"2026-01-03 00:54:55\"} ','{\"msg\":\"操作成功\",\"code\":200}',0,NULL,'2026-01-03 00:54:55',15),(211,'非遗分类',2,'com.ruoyi.heritage.controller.HeritageCategoryController.edit()','PUT',1,'admin','研发部门','/heritage/category','127.0.0.1','内网IP','{\"categoryCode\":\"CLOTH_FS\",\"categoryId\":20,\"categoryName\":\"白族服饰\",\"children\":[],\"createBy\":\"\",\"createTime\":\"2026-01-02 23:36:47\",\"delFlag\":\"0\",\"params\":{},\"parentId\":2,\"sortOrder\":1,\"status\":0,\"updateBy\":\"\",\"updateTime\":\"2026-01-03 00:55:02\"} ','{\"msg\":\"操作成功\",\"code\":200}',0,NULL,'2026-01-03 00:55:02',16),(212,'非遗分类',2,'com.ruoyi.heritage.controller.HeritageCategoryController.edit()','PUT',1,'admin','研发部门','/heritage/category','127.0.0.1','内网IP','{\"categoryCode\":\"CLOTH_TS\",\"categoryId\":21,\"categoryName\":\"白族头饰\",\"children\":[],\"createBy\":\"\",\"createTime\":\"2026-01-02 23:36:47\",\"delFlag\":\"0\",\"params\":{},\"parentId\":2,\"sortOrder\":2,\"status\":0,\"updateBy\":\"\",\"updateTime\":\"2026-01-03 00:55:07\"} ','{\"msg\":\"操作成功\",\"code\":200}',0,NULL,'2026-01-03 00:55:07',13),(213,'非遗分类',2,'com.ruoyi.heritage.controller.HeritageCategoryController.edit()','PUT',1,'admin','研发部门','/heritage/category','127.0.0.1','内网IP','{\"categoryCode\":\"CLOTH_CX\",\"categoryId\":22,\"categoryName\":\"白族刺绣\",\"children\":[],\"createBy\":\"\",\"createTime\":\"2026-01-02 23:36:47\",\"delFlag\":\"0\",\"params\":{},\"parentId\":2,\"sortOrder\":3,\"status\":0,\"updateBy\":\"\",\"updateTime\":\"2026-01-03 00:55:10\"} ','{\"msg\":\"操作成功\",\"code\":200}',0,NULL,'2026-01-03 00:55:10',17),(214,'非遗分类',2,'com.ruoyi.heritage.controller.HeritageCategoryController.edit()','PUT',1,'admin','研发部门','/heritage/category','127.0.0.1','内网IP','{\"categoryCode\":\"ARCH_MJ\",\"categoryId\":30,\"categoryName\":\"白族民居建筑\",\"children\":[],\"createBy\":\"\",\"createTime\":\"2026-01-02 23:36:47\",\"delFlag\":\"0\",\"params\":{},\"parentId\":3,\"sortOrder\":1,\"status\":0,\"updateBy\":\"\",\"updateTime\":\"2026-01-03 00:55:17\"} ','{\"msg\":\"操作成功\",\"code\":200}',0,NULL,'2026-01-03 00:55:17',16),(215,'非遗分类',2,'com.ruoyi.heritage.controller.HeritageCategoryController.edit()','PUT',1,'admin','研发部门','/heritage/category','127.0.0.1','内网IP','{\"categoryCode\":\"ARCH_ML\",\"categoryId\":31,\"categoryName\":\"白族门楼营造\",\"children\":[],\"createBy\":\"\",\"createTime\":\"2026-01-02 23:36:47\",\"delFlag\":\"0\",\"params\":{},\"parentId\":3,\"sortOrder\":2,\"status\":0,\"updateBy\":\"\",\"updateTime\":\"2026-01-03 00:55:20\"} ','{\"msg\":\"操作成功\",\"code\":200}',0,NULL,'2026-01-03 00:55:20',15),(216,'非遗分类',2,'com.ruoyi.heritage.controller.HeritageCategoryController.edit()','PUT',1,'admin','研发部门','/heritage/category','127.0.0.1','内网IP','{\"categoryCode\":\"ARCH_ST\",\"categoryId\":32,\"categoryName\":\"大理三塔营造\",\"children\":[],\"createBy\":\"\",\"createTime\":\"2026-01-02 23:36:47\",\"delFlag\":\"0\",\"params\":{},\"parentId\":3,\"sortOrder\":3,\"status\":0,\"updateBy\":\"\",\"updateTime\":\"2026-01-03 00:55:26\"} ','{\"msg\":\"操作成功\",\"code\":200}',0,NULL,'2026-01-03 00:55:26',13),(217,'非遗分类',2,'com.ruoyi.heritage.controller.HeritageCategoryController.edit()','PUT',1,'admin','研发部门','/heritage/category','127.0.0.1','内网IP','{\"categoryCode\":\"ARCH_MJ\",\"categoryId\":30,\"categoryName\":\"白族民居\",\"children\":[],\"createBy\":\"\",\"createTime\":\"2026-01-02 23:36:47\",\"delFlag\":\"0\",\"params\":{},\"parentId\":3,\"sortOrder\":1,\"status\":0,\"updateBy\":\"\",\"updateTime\":\"2026-01-03 00:55:32\"} ','{\"msg\":\"操作成功\",\"code\":200}',0,NULL,'2026-01-03 00:55:32',17),(218,'非遗分类',2,'com.ruoyi.heritage.controller.HeritageCategoryController.edit()','PUT',1,'admin','研发部门','/heritage/category','127.0.0.1','内网IP','{\"categoryCode\":\"ARCH_ML\",\"categoryId\":31,\"categoryName\":\"白族门楼\",\"children\":[],\"createBy\":\"\",\"createTime\":\"2026-01-02 23:36:47\",\"delFlag\":\"0\",\"params\":{},\"parentId\":3,\"sortOrder\":2,\"status\":0,\"updateBy\":\"\",\"updateTime\":\"2026-01-03 00:55:35\"} ','{\"msg\":\"操作成功\",\"code\":200}',0,NULL,'2026-01-03 00:55:35',16),(219,'非遗分类',2,'com.ruoyi.heritage.controller.HeritageCategoryController.edit()','PUT',1,'admin','研发部门','/heritage/category','127.0.0.1','内网IP','{\"categoryCode\":\"ARCH_ST\",\"categoryId\":32,\"categoryName\":\"大理三塔\",\"children\":[],\"createBy\":\"\",\"createTime\":\"2026-01-02 23:36:47\",\"delFlag\":\"0\",\"params\":{},\"parentId\":3,\"sortOrder\":3,\"status\":0,\"updateBy\":\"\",\"updateTime\":\"2026-01-03 00:55:39\"} ','{\"msg\":\"操作成功\",\"code\":200}',0,NULL,'2026-01-03 00:55:39',13),(220,'非遗传承人',1,'com.ruoyi.heritage.controller.HeritageInheritorController.add()','POST',1,'admin','研发部门','/heritage/inheritor','127.0.0.1','内网IP','{\"categoryId\":10,\"inheritorId\":1,\"introduction\":\"<p>专精 “扎”，创新 100 余种针法，重建璞真染坊</p>\",\"level\":\"1\",\"name\":\"\\t段银开\",\"params\":{},\"status\":\"0\"} ','{\"msg\":\"操作成功\",\"code\":200}',0,NULL,'2026-01-03 13:26:22',31),(221,'非遗展品',2,'com.ruoyi.heritage.controller.HeritageItemController.edit()','PUT',1,'admin','研发部门','/heritage/heritage_manage','127.0.0.1','内网IP','{\"categoryId\":12,\"coverImage\":\"/profile/upload/2025/12/27/R-C_20251227232239A003.jpg\",\"craft\":\"<p><span style=\\\"background-color: rgb(255, 255, 255); color: rgb(0, 0, 0);\\\">核心工艺流程为：</span></p><ol><li data-list=\\\"ordered\\\"><span class=\\\"ql-ui\\\" contenteditable=\\\"false\\\"></span><strong style=\\\"background-color: rgb(255, 255, 255); color: rgb(0, 0, 0);\\\">制胎塑形</strong><span style=\\\"background-color: rgb(255, 255, 255); color: rgb(0, 0, 0);\\\">：以纯银熔铸、捶打为薄胎杯身，通过模具或手工调整器型；</span></li><li data-list=\\\"ordered\\\"><span class=\\\"ql-ui\\\" contenteditable=\\\"false\\\"></span><strong style=\\\"background-color: rgb(255, 255, 255); color: rgb(0, 0, 0);\\\">鎏金装饰</strong><span style=\\\"background-color: rgb(255, 255, 255); color: rgb(0, 0, 0);\\\">：将金汞合金均匀涂抹于杯身纹样区域，经高温烘烤使汞蒸发，金层附着于银胎表面；</span></li><li data-list=\\\"ordered\\\"><span class=\\\"ql-ui\\\" contenteditable=\\\"false\\\"></span><strong style=\\\"background-color: rgb(255, 255, 255); color: rgb(0, 0, 0);\\\">錾刻纹样</strong><span style=\\\"background-color: rgb(255, 255, 255); color: rgb(0, 0, 0);\\\">：用錾子在杯身、杯沿雕刻白族特色的 “山茶花、洱海波纹” 等图案，部分会辅以镂空工艺增加层次；</span></li><li data-list=\\\"ordered\\\"><span class=\\\"ql-ui\\\" contenteditable=\\\"false\\\"></span><strong style=\\\"background-color: rgb(255, 255, 255); color: rgb(0, 0, 0);\\\">抛光打磨</strong><span style=\\\"background-color: rgb(255, 255, 255); color: rgb(0, 0, 0);\\\">：用玛瑙刀等工具抛光表面，使银胎与鎏金部分光泽协调，提升质感。</span></li></ol><p><br></p>\",\"createBy\":\"admin\",\"createTime\":\"2025-12-27 23:25:49\",\"delFlag\":\"0\",\"description\":\"这是白族传统金属工艺制品，以银为胎、鎏金饰纹，杯身常刻有白族特色的花鸟、几何纹样，兼具实用功能与民族艺术美感，是白族待客礼仪与工艺技艺结合的代表器物。\",\"favoriteCount\":1,\"history\":\"<p><span style=\\\"background-color: rgb(255, 255, 255); color: rgba(0, 0, 0, 0.85);\\\">白族金属制器技艺可追溯至南诏时期，当时已出现银器锻造工艺；明清时期，随着白族与中原、东南亚的贸易往来，鎏金技法传入并与本土银器工艺融合，银胎鎏金茶具开始成为贵族与商绅的待客用具；近现代以来，这种茶具既保留了传统纹样的文化符号，也在器型上融入了更贴合日常使用的设计，是白族金属工艺传承与演变的实物体现。</span></p>\",\"isCollected\":true,\"isLiked\":true,\"itemId\":10,\"itemName\":\"白族银胎鎏金茶具\",\"likeCount\":1,\"modelFile\":\"/profile/upload/2025/12/27/teacup_20251227232545A004.glb\",\"params\":{},\"sortOrde','{\"msg\":\"操作成功\",\"code\":200}',0,NULL,'2026-01-03 13:40:40',15),(222,'非遗展品',2,'com.ruoyi.heritage.controller.HeritageItemController.edit()','PUT',1,'admin','研发部门','/heritage/heritage_manage','127.0.0.1','内网IP','{\"categoryId\":11,\"coverImage\":\"/profile/upload/2025/12/26/木雕02_20251226171042A009.jpg\",\"craft\":\"<p>木雕</p>\",\"createBy\":\"admin\",\"createTime\":\"2025-12-26 17:10:57\",\"delFlag\":\"0\",\"description\":\"木雕\",\"favoriteCount\":1,\"history\":\"<p>木雕</p>\",\"isCollected\":true,\"isLiked\":true,\"itemId\":8,\"itemName\":\"木雕\",\"likeCount\":1,\"params\":{},\"sortOrder\":1,\"status\":0,\"updateBy\":\"\",\"updateTime\":\"2026-01-03 13:40:55\",\"viewCount\":21} ','{\"msg\":\"操作成功\",\"code\":200}',0,NULL,'2026-01-03 13:40:55',15),(223,'非遗分类',2,'com.ruoyi.heritage.controller.HeritageCategoryController.edit()','PUT',1,'admin','研发部门','/heritage/category','127.0.0.1','内网IP','{\"categoryCode\":\"CRAFT_ZC\",\"categoryId\":15,\"categoryName\":\"白族三道茶\",\"children\":[],\"createBy\":\"\",\"createTime\":\"2026-01-02 23:36:47\",\"delFlag\":\"0\",\"params\":{},\"parentId\":1,\"sortOrder\":6,\"status\":0,\"updateBy\":\"\",\"updateTime\":\"2026-01-03 13:42:26\"} ','{\"msg\":\"操作成功\",\"code\":200}',0,NULL,'2026-01-03 13:42:26',21),(224,'非遗分类',2,'com.ruoyi.heritage.controller.HeritageCategoryController.edit()','PUT',1,'admin','研发部门','/heritage/category','127.0.0.1','内网IP','{\"categoryCode\":\"FOLK_SDC\",\"categoryId\":15,\"categoryName\":\"白族三道茶\",\"children\":[],\"createBy\":\"\",\"createTime\":\"2026-01-02 23:36:47\",\"delFlag\":\"0\",\"params\":{},\"parentId\":4,\"sortOrder\":6,\"status\":0,\"updateBy\":\"\",\"updateTime\":\"2026-01-03 13:48:03\"} ','{\"msg\":\"操作成功\",\"code\":200}',0,NULL,'2026-01-03 13:48:03',11),(225,'非遗传承人',1,'com.ruoyi.heritage.controller.HeritageInheritorController.add()','POST',1,'admin','研发部门','/heritage/inheritor','127.0.0.1','内网IP','{\"categoryId\":10,\"inheritorId\":2,\"introduction\":\"<div class=\\\"ql-code-block-container\\\" spellcheck=\\\"false\\\"><div class=\\\"ql-code-block\\\" data-language=\\\"plain\\\">专注 “染”，开发天然染料，拓展扎染色彩</div></div><p><br></p>\",\"level\":\"2\",\"name\":\"段树坤\",\"params\":{},\"status\":\"0\"} ','{\"msg\":\"操作成功\",\"code\":200}',0,NULL,'2026-01-03 14:25:24',36),(226,'非遗传承人',1,'com.ruoyi.heritage.controller.HeritageInheritorController.add()','POST',1,'admin','研发部门','/heritage/inheritor','127.0.0.1','内网IP','{\"categoryId\":10,\"inheritorId\":3,\"introduction\":\"<div class=\\\"ql-code-block-container\\\" spellcheck=\\\"false\\\"><div class=\\\"ql-code-block\\\" data-language=\\\"plain\\\">蓝续创始人，打造沉浸式扎染体验 </div></div><p><br></p>\",\"level\":\"3\",\"name\":\"张翰敏\",\"params\":{},\"status\":\"0\"} ','{\"msg\":\"操作成功\",\"code\":200}',0,NULL,'2026-01-03 14:26:27',18),(227,'非遗传承人',1,'com.ruoyi.heritage.controller.HeritageInheritorController.add()','POST',1,'admin','研发部门','/heritage/inheritor','127.0.0.1','内网IP','{\"categoryId\":40,\"inheritorId\":4,\"introduction\":\"<div class=\\\"ql-code-block-container\\\" spellcheck=\\\"false\\\"><div class=\\\"ql-code-block\\\" data-language=\\\"plain\\\">大理市白族，传承大本曲说唱艺术</div></div><p><br></p>\",\"level\":\"1\",\"name\":\"张亚辉\",\"params\":{},\"status\":\"0\"} ','{\"msg\":\"操作成功\",\"code\":200}',0,NULL,'2026-01-03 14:27:09',15),(228,'非遗展品',2,'com.ruoyi.heritage.controller.HeritageItemController.edit()','PUT',1,'admin','研发部门','/heritage/heritage_manage','127.0.0.1','内网IP','{\"categoryId\":15,\"coverImage\":\"/profile/upload/2025/12/26/三道茶_20251226170846A007.jpg\",\"craft\":\"<p>三道茶</p>\",\"createBy\":\"admin\",\"createTime\":\"2025-12-26 17:09:15\",\"delFlag\":\"0\",\"description\":\"三道茶\",\"favoriteCount\":0,\"history\":\"<p>三道茶</p>\",\"isCollected\":false,\"isLiked\":true,\"itemId\":6,\"itemName\":\"三道茶\",\"likeCount\":1,\"params\":{},\"sortOrder\":1,\"status\":0,\"updateBy\":\"\",\"updateTime\":\"2026-01-03 14:30:15\",\"viewCount\":17} ','{\"msg\":\"操作成功\",\"code\":200}',0,NULL,'2026-01-03 14:30:15',18),(229,'非遗展品',2,'com.ruoyi.heritage.controller.HeritageItemController.edit()','PUT',1,'admin','研发部门','/heritage/heritage_manage','127.0.0.1','内网IP','{\"categoryId\":11,\"coverImage\":\"/profile/upload/2025/12/26/木雕01_20251226163657A004.jpg\",\"craft\":\"<p>🔨 <strong>匠心独运的五大秘法</strong></p><ol><li data-list=\\\"ordered\\\"><span class=\\\"ql-ui\\\" contenteditable=\\\"false\\\"></span><strong>选材观纹</strong> 🌲：</li><li data-list=\\\"ordered\\\"><span class=\\\"ql-ui\\\" contenteditable=\\\"false\\\"></span>严格选取大理高海拔地区的<strong>古香樟木</strong>。木材需经“三干三湿”的自然老化处理，确保木性稳定，且自带一种能够防虫避邪的淡淡清香。</li><li data-list=\\\"ordered\\\"><span class=\\\"ql-ui\\\" contenteditable=\\\"false\\\"></span><strong>白描定魂</strong> 🖋️：</li><li data-list=\\\"ordered\\\"><span class=\\\"ql-ui\\\" contenteditable=\\\"false\\\"></span>老艺人不需图纸，直接在木料上进行“胸有成竹”的构图。每一笔都避开木材的结疤，顺应纹理，确定神态。</li><li data-list=\\\"ordered\\\"><span class=\\\"ql-ui\\\" contenteditable=\\\"false\\\"></span><strong>粗坯开山</strong> 🪚：</li><li data-list=\\\"ordered\\\"><span class=\\\"ql-ui\\\" contenteditable=\\\"false\\\"></span>使用大号凿子进行“减法艺术”。将多余木块切除，确立作品的空间比例，此时已能看出白族服饰飘逸的轮廓感。</li><li data-list=\\\"ordered\\\"><span class=\\\"ql-ui\\\" contenteditable=\\\"false\\\"></span><strong>多层透雕</strong> 🪡：</li><li data-list=\\\"ordered\\\"><span class=\\\"ql-ui\\\" contenteditable=\\\"false\\\"></span><strong>这是最惊艳的一步！</strong> 艺人要在不到 2 厘米的深度内，雕刻出 3 到 5 层重叠的图案。头饰上的每一朵花瓣、衣襟上的每一根丝线，都由细如毫发的雕刀刻划而成。</li><li data-list=\\\"ordered\\\"><span class=\\\"ql-ui\\\" contenteditable=\\\"false\\\"></span><strong>手工推光</strong> 💎：</li><li data-list=\\\"ordered\\\"><span class=\\\"ql-ui\\\" contenteditable=\\\"false\\\"></span>拒绝化学漆料。完全依靠天然草木灰和多号棉布进行数万次的物理摩擦，使原木产生一种油脂般的莹润光泽，触感如玉，温润入心。</li></ol>\",\"createBy\":\"admin\",\"createTime\":\"2025-12-26 16:37:47\",\"delFlag\":\"0\",\"description\":\"✨ 一木一世界，雕刻白族魂。\\n本展品是“木雕之乡”剑川的代表作。采用顶级香樟木，通过多层透雕技艺刻画了一位温婉的白族少女。作品将传统民族服饰与现代雕塑审美融合，是研究白族民俗与木艺美学的重要数字资产。🪵\",\"favoriteCount\":1,\"history\":\"<p>📜 <strong>千年技艺的时光沉淀</strong></p><ol><li data-list=\\\"bullet\\\"><span class=\\\"ql-ui\\\" contenteditable=\\\"false\\\"></span><strong>南诏遗风</strong> 🏔️：起源于唐代，作为南诏与大理国时期的宫廷御用技艺，距今已有 1000 多年历史。</li><li data-list=\\\"bullet\\\"><span class=\\\"ql-ui\\\" contenteditable=\\\"false\\\"></span><strong>文化交融</strong> 🤝：它不仅保留了白族原始的图腾崇拜，还深度融合了中原汉族的建筑木作工艺','{\"msg\":\"操作成功\",\"code\":200}',0,NULL,'2026-01-03 14:30:35',22),(230,'非遗分类',1,'com.ruoyi.heritage.controller.HeritageCategoryController.add()','POST',1,'admin','研发部门','/heritage/category','127.0.0.1','内网IP','{\"categoryCode\":\"FOLK_DBQ\",\"categoryId\":44,\"categoryName\":\"大本曲\",\"children\":[],\"createTime\":\"2026-01-03 14:32:57\",\"params\":{},\"parentId\":4,\"sortOrder\":4,\"status\":0} ','{\"msg\":\"操作成功\",\"code\":200}',0,NULL,'2026-01-03 14:32:57',18),(231,'非遗分类',2,'com.ruoyi.heritage.controller.HeritageCategoryController.edit()','PUT',1,'admin','研发部门','/heritage/category','127.0.0.1','内网IP','{\"categoryCode\":\"FOLK_DBQ\",\"categoryId\":44,\"categoryName\":\"白族大本曲\",\"children\":[],\"createBy\":\"\",\"createTime\":\"2026-01-03 14:32:57\",\"delFlag\":\"0\",\"params\":{},\"parentId\":4,\"sortOrder\":4,\"status\":0,\"updateBy\":\"\",\"updateTime\":\"2026-01-03 14:34:39\"} ','{\"msg\":\"操作成功\",\"code\":200}',0,NULL,'2026-01-03 14:34:39',16),(232,'非遗传承人',2,'com.ruoyi.heritage.controller.HeritageInheritorController.edit()','PUT',1,'admin','研发部门','/heritage/inheritor','127.0.0.1','内网IP','{\"categoryId\":44,\"createBy\":\"\",\"createTime\":\"2026-01-03 14:27:09\",\"delFlag\":\"0\",\"inheritorId\":4,\"introduction\":\"<div class=\\\"ql-code-block-container\\\" spellcheck=\\\"false\\\"><div class=\\\"ql-code-block\\\" data-language=\\\"plain\\\">大理市白族，传承大本曲说唱艺术</div></div><p><br></p>\",\"level\":\"1\",\"name\":\"张亚辉\",\"params\":{},\"status\":\"0\",\"updateTime\":\"2026-01-03 14:27:09\"} ','{\"msg\":\"操作成功\",\"code\":200}',0,NULL,'2026-01-03 14:34:51',11),(233,'非遗传承人',1,'com.ruoyi.heritage.controller.HeritageInheritorController.add()','POST',1,'admin','研发部门','/heritage/inheritor','127.0.0.1','内网IP','{\"categoryId\":44,\"inheritorId\":5,\"introduction\":\"<div class=\\\"ql-code-block-container\\\" spellcheck=\\\"false\\\"><div class=\\\"ql-code-block\\\" data-language=\\\"plain\\\">大理市白族，致力于大本曲传承推广</div></div><p><br></p>\",\"level\":\"1\",\"name\":\"杨振华\",\"params\":{},\"status\":\"0\"} ','{\"msg\":\"操作成功\",\"code\":200}',0,NULL,'2026-01-03 14:35:20',21),(234,'非遗传承人',1,'com.ruoyi.heritage.controller.HeritageInheritorController.add()','POST',1,'admin','研发部门','/heritage/inheritor','127.0.0.1','内网IP','{\"categoryId\":11,\"inheritorId\":6,\"introduction\":\"<div class=\\\"ql-code-block-container\\\" spellcheck=\\\"false\\\"><div class=\\\"ql-code-block\\\" data-language=\\\"plain\\\">剑川县白族，木雕技艺精湛，推动传统木雕创新</div></div><p><br></p>\",\"level\":\"1\",\"name\":\"段四兴\",\"params\":{},\"status\":\"0\"} ','{\"msg\":\"操作成功\",\"code\":200}',0,NULL,'2026-01-03 14:35:41',29),(235,'非遗传承人',1,'com.ruoyi.heritage.controller.HeritageInheritorController.add()','POST',1,'admin','研发部门','/heritage/inheritor','127.0.0.1','内网IP','{\"categoryId\":22,\"inheritorId\":7,\"introduction\":\"<div class=\\\"ql-code-block-container\\\" spellcheck=\\\"false\\\"><div class=\\\"ql-code-block\\\" data-language=\\\"plain\\\">首创十二生肖童帽，还原多款传统帽饰，带动 200 余人传承</div></div><p><br></p>\",\"level\":\"2\",\"name\":\"杨文焕\",\"params\":{},\"status\":\"0\"} ','{\"msg\":\"操作成功\",\"code\":200}',0,NULL,'2026-01-03 14:36:04',24),(236,'非遗传承人',1,'com.ruoyi.heritage.controller.HeritageInheritorController.add()','POST',1,'admin','研发部门','/heritage/inheritor','127.0.0.1','内网IP','{\"categoryId\":41,\"inheritorId\":8,\"introduction\":\"<div class=\\\"ql-code-block-container\\\" spellcheck=\\\"false\\\"><div class=\\\"ql-code-block\\\" data-language=\\\"plain\\\">大理市白族，非遗传承推广优秀个人</div></div><p><br></p>\",\"level\":\"1\",\"name\":\"赵丕鼎\",\"params\":{},\"status\":\"0\"} ','{\"msg\":\"操作成功\",\"code\":200}',0,NULL,'2026-01-03 14:36:28',17),(237,'非遗传承人',1,'com.ruoyi.heritage.controller.HeritageInheritorController.add()','POST',1,'admin','研发部门','/heritage/inheritor','127.0.0.1','内网IP','{\"categoryId\":10,\"inheritorId\":9,\"introduction\":\"<div class=\\\"ql-code-block-container\\\" spellcheck=\\\"false\\\"><div class=\\\"ql-code-block\\\" data-language=\\\"plain\\\">小吃制作技艺（乳扇制作技艺），上关镇江尾村，制作乳扇经验丰富</div></div><p><br></p>\",\"level\":\"3\",\"name\":\"杨琼\",\"params\":{},\"status\":\"0\"} ','{\"msg\":\"操作成功\",\"code\":200}',0,NULL,'2026-01-03 14:37:12',15),(238,'非遗分类',1,'com.ruoyi.heritage.controller.HeritageCategoryController.add()','POST',1,'admin','研发部门','/heritage/category','127.0.0.1','内网IP','{\"categoryCode\":\"CRAFT_XC\",\"categoryId\":45,\"categoryName\":\"小吃制作\",\"children\":[],\"createTime\":\"2026-01-03 14:38:11\",\"params\":{},\"parentId\":1,\"sortOrder\":0,\"status\":0} ','{\"msg\":\"操作成功\",\"code\":200}',0,NULL,'2026-01-03 14:38:11',12),(239,'非遗分类',2,'com.ruoyi.heritage.controller.HeritageCategoryController.edit()','PUT',1,'admin','研发部门','/heritage/category','127.0.0.1','内网IP','{\"categoryCode\":\"CRAFT_XC\",\"categoryId\":45,\"categoryName\":\"小吃制作\",\"children\":[],\"createBy\":\"\",\"createTime\":\"2026-01-03 14:38:12\",\"delFlag\":\"0\",\"params\":{},\"parentId\":1,\"sortOrder\":6,\"status\":0,\"updateBy\":\"\",\"updateTime\":\"2026-01-03 14:38:58\"} ','{\"msg\":\"操作成功\",\"code\":200}',0,NULL,'2026-01-03 14:38:58',13),(240,'非遗传承人',2,'com.ruoyi.heritage.controller.HeritageInheritorController.edit()','PUT',1,'admin','研发部门','/heritage/inheritor','127.0.0.1','内网IP','{\"categoryId\":45,\"createBy\":\"\",\"createTime\":\"2026-01-03 14:37:12\",\"delFlag\":\"0\",\"inheritorId\":9,\"introduction\":\"<div class=\\\"ql-code-block-container\\\" spellcheck=\\\"false\\\"><div class=\\\"ql-code-block\\\" data-language=\\\"plain\\\">小吃制作技艺（乳扇制作技艺），上关镇江尾村，制作乳扇经验丰富</div></div><p><br></p>\",\"level\":\"3\",\"name\":\"杨琼\",\"params\":{},\"status\":\"0\",\"updateTime\":\"2026-01-03 14:37:12\"} ','{\"msg\":\"操作成功\",\"code\":200}',0,NULL,'2026-01-03 14:39:16',15),(241,'非遗传承人',1,'com.ruoyi.heritage.controller.HeritageInheritorController.add()','POST',1,'admin','研发部门','/heritage/inheritor','127.0.0.1','内网IP','{\"categoryId\":10,\"inheritorId\":10,\"introduction\":\"<div class=\\\"ql-code-block-container\\\" spellcheck=\\\"false\\\"><div class=\\\"ql-code-block\\\" data-language=\\\"plain\\\">白族布扎技艺代表性传承人</div></div><p><br></p>\",\"level\":\"2\",\"name\":\"刘丽湖\",\"params\":{},\"status\":\"0\"} ','{\"msg\":\"操作成功\",\"code\":200}',0,NULL,'2026-01-03 14:39:48',15),(242,'非遗传承人',1,'com.ruoyi.heritage.controller.HeritageInheritorController.add()','POST',1,'admin','研发部门','/heritage/inheritor','127.0.0.1','内网IP','{\"categoryId\":13,\"inheritorId\":11,\"introduction\":\"<div class=\\\"ql-code-block-container\\\" spellcheck=\\\"false\\\"><div class=\\\"ql-code-block\\\" data-language=\\\"plain\\\">传承剑川白族土陶烧制技艺</div></div><p><br></p>\",\"level\":\"2\",\"name\":\"董志明\",\"params\":{},\"status\":\"0\"} ','{\"msg\":\"操作成功\",\"code\":200}',0,NULL,'2026-01-03 14:40:13',15),(243,'非遗传承人',1,'com.ruoyi.heritage.controller.HeritageInheritorController.add()','POST',1,'admin','研发部门','/heritage/inheritor','127.0.0.1','内网IP','{\"categoryId\":12,\"inheritorId\":12,\"introduction\":\"<div class=\\\"ql-code-block-container\\\" spellcheck=\\\"false\\\"><div class=\\\"ql-code-block\\\" data-language=\\\"plain\\\">传承鹤庆白族银器锻制技艺</div></div><p><br></p>\",\"level\":\"2\",\"name\":\"李树坤\",\"params\":{},\"status\":\"0\"} ','{\"msg\":\"操作成功\",\"code\":200}',0,NULL,'2026-01-03 14:40:39',18),(244,'非遗传承人',1,'com.ruoyi.heritage.controller.HeritageInheritorController.add()','POST',1,'admin','研发部门','/heritage/inheritor','127.0.0.1','内网IP','{\"categoryId\":22,\"inheritorId\":13,\"introduction\":\"<div class=\\\"ql-code-block-container\\\" spellcheck=\\\"false\\\"><div class=\\\"ql-code-block\\\" data-language=\\\"plain\\\">宾川萂村，教授白族挎包刺绣等</div></div><p><br></p>\",\"level\":\"4\",\"name\":\"张恩兰\",\"params\":{},\"status\":\"0\"} ','{\"msg\":\"操作成功\",\"code\":200}',0,NULL,'2026-01-03 14:41:51',14),(245,'参数管理',2,'com.ruoyi.web.controller.system.SysConfigController.edit()','PUT',1,'admin','研发部门','/system/config','127.0.0.1','内网IP','{\"configId\":5,\"configKey\":\"sys.account.registerUser\",\"configName\":\"账号自助-是否开启用户注册功能\",\"configType\":\"Y\",\"configValue\":\"true\",\"createBy\":\"admin\",\"createTime\":\"2025-12-24 23:39:35\",\"params\":{},\"remark\":\"是否开启注册用户功能（true开启，false关闭）\",\"updateBy\":\"admin\"} ','{\"msg\":\"操作成功\",\"code\":200}',0,NULL,'2026-01-03 15:54:00',41),(246,'参数管理',2,'com.ruoyi.web.controller.system.SysConfigController.edit()','PUT',1,'admin','研发部门','/system/config','127.0.0.1','内网IP','{\"configId\":4,\"configKey\":\"sys.account.captchaEnabled\",\"configName\":\"账号自助-验证码开关\",\"configType\":\"Y\",\"configValue\":\"false\",\"createBy\":\"admin\",\"createTime\":\"2025-12-24 23:39:35\",\"params\":{},\"remark\":\"是否开启验证码功能（true开启，false关闭）\",\"updateBy\":\"admin\"} ','{\"msg\":\"操作成功\",\"code\":200}',0,NULL,'2026-01-03 15:54:11',26),(247,'参数管理',2,'com.ruoyi.web.controller.system.SysConfigController.edit()','PUT',1,'admin','研发部门','/system/config','127.0.0.1','内网IP','{\"configId\":4,\"configKey\":\"sys.account.captchaEnabled\",\"configName\":\"账号自助-验证码开关\",\"configType\":\"Y\",\"configValue\":\"true\",\"createBy\":\"admin\",\"createTime\":\"2025-12-24 23:39:35\",\"params\":{},\"remark\":\"是否开启验证码功能（true开启，false关闭）\",\"updateBy\":\"admin\",\"updateTime\":\"2026-01-03 15:54:11\"} ','{\"msg\":\"操作成功\",\"code\":200}',0,NULL,'2026-01-03 15:55:38',27),(248,'用户管理',2,'com.ruoyi.web.controller.system.SysUserController.edit()','PUT',1,'admin','研发部门','/system/user','127.0.0.1','内网IP','{\"admin\":false,\"avatar\":\"\",\"createBy\":\"\",\"createTime\":\"2026-01-03 16:29:45\",\"delFlag\":\"0\",\"email\":\"\",\"loginDate\":\"2026-01-03 16:30:22\",\"loginIp\":\"127.0.0.1\",\"nickName\":\"user\",\"params\":{},\"phonenumber\":\"\",\"postIds\":[],\"pwdUpdateDate\":\"2026-01-03 16:29:46\",\"roleIds\":[2],\"roles\":[],\"sex\":\"0\",\"status\":\"0\",\"updateBy\":\"admin\",\"userId\":100,\"userName\":\"user\"} ','{\"msg\":\"操作成功\",\"code\":200}',0,NULL,'2026-01-03 16:31:19',55),(249,'菜单管理',2,'com.ruoyi.web.controller.system.SysMenuController.edit()','PUT',1,'admin','研发部门','/system/menu','127.0.0.1','内网IP','{\"children\":[],\"component\":\"system/dept/index\",\"createTime\":\"2025-12-24 23:39:31\",\"icon\":\"tree\",\"isCache\":\"0\",\"isFrame\":\"1\",\"menuId\":103,\"menuName\":\"部门管理\",\"menuType\":\"C\",\"orderNum\":4,\"params\":{},\"parentId\":1,\"path\":\"dept\",\"perms\":\"system:dept:list\",\"query\":\"\",\"routeName\":\"\",\"status\":\"0\",\"updateBy\":\"admin\",\"visible\":\"1\"} ','{\"msg\":\"操作成功\",\"code\":200}',0,NULL,'2026-01-03 16:33:21',33),(250,'菜单管理',2,'com.ruoyi.web.controller.system.SysMenuController.edit()','PUT',1,'admin','研发部门','/system/menu','127.0.0.1','内网IP','{\"children\":[],\"component\":\"system/post/index\",\"createTime\":\"2025-12-24 23:39:31\",\"icon\":\"post\",\"isCache\":\"0\",\"isFrame\":\"1\",\"menuId\":104,\"menuName\":\"岗位管理\",\"menuType\":\"C\",\"orderNum\":5,\"params\":{},\"parentId\":1,\"path\":\"post\",\"perms\":\"system:post:list\",\"query\":\"\",\"routeName\":\"\",\"status\":\"0\",\"updateBy\":\"admin\",\"visible\":\"1\"} ','{\"msg\":\"操作成功\",\"code\":200}',0,NULL,'2026-01-03 16:33:35',21),(251,'菜单管理',2,'com.ruoyi.web.controller.system.SysMenuController.edit()','PUT',1,'admin','研发部门','/system/menu','127.0.0.1','内网IP','{\"children\":[],\"component\":\"system/notice/index\",\"createTime\":\"2025-12-24 23:39:31\",\"icon\":\"message\",\"isCache\":\"0\",\"isFrame\":\"1\",\"menuId\":107,\"menuName\":\"通知公告\",\"menuType\":\"C\",\"orderNum\":8,\"params\":{},\"parentId\":1,\"path\":\"notice\",\"perms\":\"system:notice:list\",\"query\":\"\",\"routeName\":\"\",\"status\":\"0\",\"updateBy\":\"admin\",\"visible\":\"1\"} ','{\"msg\":\"操作成功\",\"code\":200}',0,NULL,'2026-01-03 16:33:55',22),(252,'角色管理',2,'com.ruoyi.web.controller.system.SysRoleController.edit()','PUT',1,'admin','研发部门','/system/role','127.0.0.1','内网IP','{\"admin\":false,\"createTime\":\"2025-12-24 23:39:31\",\"dataScope\":\"2\",\"delFlag\":\"0\",\"deptCheckStrictly\":true,\"flag\":false,\"menuCheckStrictly\":true,\"menuIds\":[2026,2027,2037,2028,2029,2030],\"params\":{},\"remark\":\"普通角色\",\"roleId\":2,\"roleKey\":\"common\",\"roleName\":\"普通角色\",\"roleSort\":2,\"status\":\"0\",\"updateBy\":\"admin\"} ','{\"msg\":\"操作成功\",\"code\":200}',0,NULL,'2026-01-03 16:37:51',48),(253,'用户头像',2,'com.ruoyi.web.controller.system.SysProfileController.avatar()','POST',1,'user',NULL,'/system/user/profile/avatar','127.0.0.1','内网IP','','{\"msg\":\"操作成功\",\"imgUrl\":\"/profile/avatar/2026/01/03/2cecb67119ca4395b2f948da982b85ec.png\",\"code\":200}',0,NULL,'2026-01-03 16:39:03',122),(254,'菜单管理',2,'com.ruoyi.web.controller.system.SysMenuController.edit()','PUT',1,'admin','研发部门','/system/menu','127.0.0.1','内网IP','{\"children\":[],\"component\":\"heritage/user-center/publish\",\"createTime\":\"2025-12-31 12:22:39\",\"icon\":\"edit\",\"isCache\":\"0\",\"isFrame\":\"1\",\"menuId\":2030,\"menuName\":\"我的发布\",\"menuType\":\"C\",\"orderNum\":2,\"params\":{},\"parentId\":2028,\"path\":\"my-publish\",\"perms\":\"\",\"routeName\":\"MyPublish\",\"status\":\"0\",\"updateBy\":\"admin\",\"visible\":\"0\"} ','{\"msg\":\"操作成功\",\"code\":200}',0,NULL,'2026-01-03 16:43:38',15),(255,'菜单管理',2,'com.ruoyi.web.controller.system.SysMenuController.edit()','PUT',1,'admin','研发部门','/system/menu','127.0.0.1','内网IP','{\"children\":[],\"component\":\"display/index\",\"createTime\":\"2025-12-26 00:16:48\",\"icon\":\"eye-open\",\"isCache\":\"0\",\"isFrame\":\"1\",\"menuId\":2026,\"menuName\":\"非遗展厅\",\"menuType\":\"C\",\"orderNum\":0,\"params\":{},\"parentId\":0,\"path\":\"exhibit\",\"perms\":\"\",\"routeName\":\"HeritageDisplay\",\"status\":\"0\",\"updateBy\":\"admin\",\"visible\":\"0\"} ','{\"msg\":\"操作成功\",\"code\":200}',0,NULL,'2026-01-03 16:43:46',22),(256,'角色管理',2,'com.ruoyi.web.controller.system.SysRoleController.edit()','PUT',1,'admin','研发部门','/system/role','127.0.0.1','内网IP','{\"admin\":false,\"createTime\":\"2025-12-24 23:39:31\",\"dataScope\":\"2\",\"delFlag\":\"0\",\"deptCheckStrictly\":true,\"flag\":false,\"menuCheckStrictly\":true,\"menuIds\":[2026,2027,2037,2028,2029,2030],\"params\":{},\"remark\":\"普通角色\",\"roleId\":2,\"roleKey\":\"common\",\"roleName\":\"普通角色\",\"roleSort\":2,\"status\":\"0\",\"updateBy\":\"admin\"} ','{\"msg\":\"操作成功\",\"code\":200}',0,NULL,'2026-01-03 16:54:53',60),(257,'菜单管理',2,'com.ruoyi.web.controller.system.SysMenuController.edit()','PUT',1,'admin','研发部门','/system/menu','127.0.0.1','内网IP','{\"children\":[],\"component\":\"heritage/user-center/publish\",\"createTime\":\"2025-12-31 12:22:39\",\"icon\":\"edit\",\"isCache\":\"0\",\"isFrame\":\"1\",\"menuId\":2030,\"menuName\":\"我的发布\",\"menuType\":\"C\",\"orderNum\":2,\"params\":{},\"parentId\":2028,\"path\":\"my-publish\",\"perms\":\"\",\"routeName\":\"MyPublish\",\"status\":\"0\",\"updateBy\":\"admin\",\"visible\":\"0\"} ','{\"msg\":\"操作成功\",\"code\":200}',0,NULL,'2026-01-03 16:58:39',40),(258,'非遗展品',2,'com.ruoyi.heritage.controller.HeritageItemController.edit()','PUT',1,'admin','研发部门','/heritage/heritage_manage','127.0.0.1','内网IP','{\"categoryId\":10,\"createBy\":\"user\",\"createTime\":\"2026-01-03 21:16:51\",\"delFlag\":\"0\",\"favoriteCount\":0,\"isCollected\":false,\"isLiked\":false,\"itemId\":17,\"itemName\":\"test\",\"likeCount\":0,\"params\":{},\"sortOrder\":0,\"status\":0,\"updateBy\":\"\",\"updateTime\":\"2026-01-03 21:17:55\",\"viewCount\":0} ','{\"msg\":\"操作成功\",\"code\":200}',0,NULL,'2026-01-03 21:17:55',33),(259,'非遗展品',3,'com.ruoyi.heritage.controller.HeritageItemController.remove()','DELETE',1,'admin','研发部门','/heritage/heritage_manage/17','127.0.0.1','内网IP','[17] ','{\"msg\":\"操作成功\",\"code\":200}',0,NULL,'2026-01-03 21:20:20',19),(260,'个人信息',2,'com.ruoyi.web.controller.system.SysProfileController.updatePwd()','PUT',1,'user',NULL,'/system/user/profile/updatePwd','127.0.0.1','内网IP','{} ','{\"msg\":\"操作成功\",\"code\":200}',0,NULL,'2026-01-03 21:21:20',311),(261,'字典类型',2,'com.ruoyi.web.controller.system.SysDictTypeController.edit()','PUT',1,'admin','研发部门','/system/dict/type','127.0.0.1','内网IP','{\"createBy\":\"admin\",\"createTime\":\"2025-12-24 23:39:34\",\"dictId\":3,\"dictName\":\"UGC状态\",\"dictType\":\"heritage_audit_status\",\"params\":{},\"remark\":\"UGC状态\",\"status\":\"0\",\"updateBy\":\"admin\"} ','{\"msg\":\"操作成功\",\"code\":200}',0,NULL,'2026-01-25 21:17:19',63),(262,'字典数据',2,'com.ruoyi.web.controller.system.SysDictDataController.edit()','PUT',1,'admin','研发部门','/system/dict/data','127.0.0.1','内网IP','{\"createBy\":\"admin\",\"createTime\":\"2025-12-24 23:39:34\",\"cssClass\":\"\",\"default\":true,\"dictCode\":6,\"dictLabel\":\"已发布\",\"dictSort\":1,\"dictType\":\"heritage_audit_status\",\"dictValue\":\"0\",\"isDefault\":\"Y\",\"listClass\":\"primary\",\"params\":{},\"remark\":\"正常状态\",\"status\":\"0\",\"updateBy\":\"admin\"} ','{\"msg\":\"操作成功\",\"code\":200}',0,NULL,'2026-01-25 21:17:43',29),(263,'字典数据',2,'com.ruoyi.web.controller.system.SysDictDataController.edit()','PUT',1,'admin','研发部门','/system/dict/data','127.0.0.1','内网IP','{\"createBy\":\"admin\",\"createTime\":\"2025-12-24 23:39:34\",\"cssClass\":\"\",\"default\":false,\"dictCode\":7,\"dictLabel\":\"待审核\",\"dictSort\":2,\"dictType\":\"heritage_audit_status\",\"dictValue\":\"1\",\"isDefault\":\"N\",\"listClass\":\"warning\",\"params\":{},\"remark\":\"待审核状态\",\"status\":\"0\",\"updateBy\":\"admin\"} ','{\"msg\":\"操作成功\",\"code\":200}',0,NULL,'2026-01-25 21:18:19',25),(264,'字典数据',1,'com.ruoyi.web.controller.system.SysDictDataController.add()','POST',1,'admin','研发部门','/system/dict/data','127.0.0.1','内网IP','{\"createBy\":\"admin\",\"default\":false,\"dictLabel\":\"已驳回\",\"dictSort\":3,\"dictType\":\"heritage_audit_status\",\"dictValue\":\"2\",\"listClass\":\"danger\",\"params\":{},\"remark\":\"已驳回状态\",\"status\":\"0\"} ','{\"msg\":\"操作成功\",\"code\":200}',0,NULL,'2026-01-25 21:18:55',26),(265,'字典数据',2,'com.ruoyi.web.controller.system.SysDictDataController.edit()','PUT',1,'admin','研发部门','/system/dict/data','127.0.0.1','内网IP','{\"createBy\":\"admin\",\"createTime\":\"2025-12-24 23:39:34\",\"cssClass\":\"\",\"default\":true,\"dictCode\":6,\"dictLabel\":\"正常\",\"dictSort\":1,\"dictType\":\"heritage_audit_status\",\"dictValue\":\"0\",\"isDefault\":\"Y\",\"listClass\":\"primary\",\"params\":{},\"remark\":\"正常状态\",\"status\":\"0\",\"updateBy\":\"admin\"} ','{\"msg\":\"操作成功\",\"code\":200}',0,NULL,'2026-01-25 21:29:43',29),(266,'字典数据',2,'com.ruoyi.web.controller.system.SysDictDataController.edit()','PUT',1,'admin','研发部门','/system/dict/data','127.0.0.1','内网IP','{\"createBy\":\"admin\",\"createTime\":\"2025-12-24 23:39:34\",\"cssClass\":\"\",\"default\":false,\"dictCode\":7,\"dictLabel\":\"停用\",\"dictSort\":2,\"dictType\":\"heritage_audit_status\",\"dictValue\":\"1\",\"isDefault\":\"N\",\"listClass\":\"info\",\"params\":{},\"remark\":\"待审核状态\",\"status\":\"0\",\"updateBy\":\"admin\"} ','{\"msg\":\"操作成功\",\"code\":200}',0,NULL,'2026-01-25 21:30:01',24),(267,'字典类型',3,'com.ruoyi.web.controller.system.SysDictDataController.remove()','DELETE',1,'admin','研发部门','/system/dict/data/104','127.0.0.1','内网IP','[104] ','{\"msg\":\"操作成功\",\"code\":200}',0,NULL,'2026-01-25 21:30:11',26),(268,'字典类型',2,'com.ruoyi.web.controller.system.SysDictTypeController.edit()','PUT',1,'admin','研发部门','/system/dict/type','127.0.0.1','内网IP','{\"createBy\":\"admin\",\"createTime\":\"2025-12-24 23:39:34\",\"dictId\":3,\"dictName\":\"系统开关\",\"dictType\":\"sys_normal_disable\",\"params\":{},\"remark\":\"系统开关\",\"status\":\"0\",\"updateBy\":\"admin\"} ','{\"msg\":\"操作成功\",\"code\":200}',0,NULL,'2026-01-25 21:31:03',49),(269,'字典类型',1,'com.ruoyi.web.controller.system.SysDictTypeController.add()','POST',1,'admin','研发部门','/system/dict/type','127.0.0.1','内网IP','{\"createBy\":\"admin\",\"dictName\":\"UGC状态\",\"dictType\":\"heritage_audit_status\",\"params\":{},\"remark\":\"UGC状态\",\"status\":\"0\"} ','{\"msg\":\"操作成功\",\"code\":200}',0,NULL,'2026-01-25 21:31:43',26),(270,'字典数据',1,'com.ruoyi.web.controller.system.SysDictDataController.add()','POST',1,'admin','研发部门','/system/dict/data','127.0.0.1','内网IP','{\"createBy\":\"admin\",\"default\":false,\"dictLabel\":\"已发布\",\"dictSort\":0,\"dictType\":\"heritage_audit_status\",\"dictValue\":\"0\",\"listClass\":\"success\",\"params\":{},\"status\":\"0\"} ','{\"msg\":\"操作成功\",\"code\":200}',0,NULL,'2026-01-25 21:32:07',31),(271,'字典数据',1,'com.ruoyi.web.controller.system.SysDictDataController.add()','POST',1,'admin','研发部门','/system/dict/data','127.0.0.1','内网IP','{\"createBy\":\"admin\",\"default\":false,\"dictLabel\":\"待审核\",\"dictSort\":0,\"dictType\":\"heritage_audit_status\",\"dictValue\":\"1\",\"listClass\":\"warning\",\"params\":{},\"status\":\"0\"} ','{\"msg\":\"操作成功\",\"code\":200}',0,NULL,'2026-01-25 21:32:29',31),(272,'字典数据',1,'com.ruoyi.web.controller.system.SysDictDataController.add()','POST',1,'admin','研发部门','/system/dict/data','127.0.0.1','内网IP','{\"createBy\":\"admin\",\"default\":false,\"dictLabel\":\"已驳回\",\"dictSort\":2,\"dictType\":\"heritage_audit_status\",\"dictValue\":\"2\",\"listClass\":\"danger\",\"params\":{},\"status\":\"0\"} ','{\"msg\":\"操作成功\",\"code\":200}',0,NULL,'2026-01-25 21:32:57',25),(273,'字典数据',2,'com.ruoyi.web.controller.system.SysDictDataController.edit()','PUT',1,'admin','研发部门','/system/dict/data','127.0.0.1','内网IP','{\"createBy\":\"admin\",\"createTime\":\"2026-01-25 21:32:29\",\"default\":false,\"dictCode\":106,\"dictLabel\":\"待审核\",\"dictSort\":1,\"dictType\":\"heritage_audit_status\",\"dictValue\":\"1\",\"isDefault\":\"N\",\"listClass\":\"warning\",\"params\":{},\"status\":\"0\",\"updateBy\":\"admin\"} ','{\"msg\":\"操作成功\",\"code\":200}',0,NULL,'2026-01-25 21:33:03',22),(274,'字典数据',1,'com.ruoyi.web.controller.system.SysDictDataController.add()','POST',1,'admin','研发部门','/system/dict/data','127.0.0.1','内网IP','{\"createBy\":\"admin\",\"default\":false,\"dictLabel\":\"已下架\",\"dictSort\":3,\"dictType\":\"heritage_audit_status\",\"dictValue\":\"3\",\"listClass\":\"info\",\"params\":{},\"status\":\"0\"} ','{\"msg\":\"操作成功\",\"code\":200}',0,NULL,'2026-01-25 21:39:56',25),(275,'菜单管理',1,'com.ruoyi.web.controller.system.SysMenuController.add()','POST',1,'admin','研发部门','/system/menu','127.0.0.1','内网IP','{\"children\":[],\"component\":\"heritage/heritage_manage/audit\",\"createBy\":\"admin\",\"icon\":\"validCode\",\"isCache\":\"0\",\"isFrame\":\"1\",\"menuName\":\"审核中心\",\"menuType\":\"C\",\"orderNum\":4,\"params\":{},\"parentId\":2013,\"path\":\"audit\",\"perms\":\"heritage:heritage_manage:audit\",\"status\":\"0\",\"visible\":\"0\"} ','{\"msg\":\"操作成功\",\"code\":200}',0,NULL,'2026-01-25 22:03:45',88),(276,'展品审核',2,'com.ruoyi.heritage.controller.HeritageItemController.audit()','PUT',1,'admin','研发部门','/heritage/heritage_manage/audit','127.0.0.1','内网IP','{\"isCollected\":false,\"isLiked\":false,\"itemId\":18,\"params\":{},\"rejectReason\":\"\",\"status\":0,\"updateBy\":\"admin\",\"updateTime\":\"2026-01-25 23:10:52\"} ','{\"msg\":\"操作成功\",\"code\":200}',0,NULL,'2026-01-25 23:10:53',28),(277,'展品审核',2,'com.ruoyi.heritage.controller.HeritageItemController.audit()','PUT',1,'admin','研发部门','/heritage/heritage_manage/audit','127.0.0.1','内网IP','{\"isCollected\":false,\"isLiked\":false,\"itemId\":19,\"params\":{},\"rejectReason\":\"xxxxxx\",\"status\":2,\"updateBy\":\"admin\",\"updateTime\":\"2026-01-25 23:16:40\"} ','{\"msg\":\"操作成功\",\"code\":200}',0,NULL,'2026-01-25 23:16:40',20),(278,'菜单管理',2,'com.ruoyi.web.controller.system.SysMenuController.edit()','PUT',1,'admin','研发部门','/system/menu','127.0.0.1','内网IP','{\"children\":[],\"component\":\"display/detail\",\"createTime\":\"2025-12-26 23:06:06\",\"icon\":\"color\",\"isCache\":\"0\",\"isFrame\":\"1\",\"menuId\":2027,\"menuName\":\"非遗详情\",\"menuType\":\"C\",\"orderNum\":1,\"params\":{},\"parentId\":0,\"path\":\"display/detail/:id\",\"perms\":\"\",\"routeName\":\"HeritageDetail\",\"status\":\"0\",\"updateBy\":\"admin\",\"visible\":\"1\"} ','{\"msg\":\"操作成功\",\"code\":200}',0,NULL,'2026-01-27 19:33:57',38),(279,'代码生成',6,'com.ruoyi.generator.controller.GenController.importTableSave()','POST',1,'admin','研发部门','/tool/gen/importTable','127.0.0.1','内网IP','{\"tables\":\"heritage_audio\"}','{\"msg\":\"操作成功\",\"code\":200}',0,NULL,'2026-01-31 23:13:06',193),(280,'代码生成',2,'com.ruoyi.generator.controller.GenController.editSave()','PUT',1,'admin','研发部门','/tool/gen','127.0.0.1','内网IP','{\"businessName\":\"audio\",\"className\":\"HeritageAudio\",\"columns\":[{\"capJavaField\":\"AudioId\",\"columnComment\":\"音频ID\",\"columnId\":42,\"columnName\":\"audio_id\",\"columnType\":\"bigint\",\"createBy\":\"admin\",\"createTime\":\"2026-01-31 23:13:06\",\"dictType\":\"\",\"edit\":false,\"htmlType\":\"input\",\"increment\":true,\"insert\":false,\"isIncrement\":\"1\",\"isInsert\":\"0\",\"isPk\":\"1\",\"isRequired\":\"0\",\"javaField\":\"audioId\",\"javaType\":\"Long\",\"list\":false,\"params\":{},\"pk\":true,\"query\":false,\"queryType\":\"EQ\",\"required\":false,\"sort\":1,\"superColumn\":false,\"tableId\":4,\"updateBy\":\"\",\"usableColumn\":false},{\"capJavaField\":\"Title\",\"columnComment\":\"音频标题\",\"columnId\":43,\"columnName\":\"title\",\"columnType\":\"varchar(100)\",\"createBy\":\"admin\",\"createTime\":\"2026-01-31 23:13:06\",\"dictType\":\"\",\"edit\":true,\"htmlType\":\"input\",\"increment\":false,\"insert\":true,\"isEdit\":\"1\",\"isIncrement\":\"0\",\"isInsert\":\"1\",\"isList\":\"1\",\"isPk\":\"0\",\"isQuery\":\"1\",\"isRequired\":\"1\",\"javaField\":\"title\",\"javaType\":\"String\",\"list\":true,\"params\":{},\"pk\":false,\"query\":true,\"queryType\":\"EQ\",\"required\":true,\"sort\":2,\"superColumn\":false,\"tableId\":4,\"updateBy\":\"\",\"usableColumn\":false},{\"capJavaField\":\"AudioUrl\",\"columnComment\":\"音频文件路径\",\"columnId\":44,\"columnName\":\"audio_url\",\"columnType\":\"varchar(500)\",\"createBy\":\"admin\",\"createTime\":\"2026-01-31 23:13:06\",\"dictType\":\"\",\"edit\":true,\"htmlType\":\"fileUpload\",\"increment\":false,\"insert\":true,\"isEdit\":\"1\",\"isIncrement\":\"0\",\"isInsert\":\"1\",\"isList\":\"0\",\"isPk\":\"0\",\"isQuery\":\"0\",\"isRequired\":\"1\",\"javaField\":\"audioUrl\",\"javaType\":\"String\",\"list\":false,\"params\":{},\"pk\":false,\"query\":false,\"queryType\":\"EQ\",\"required\":true,\"sort\":3,\"superColumn\":false,\"tableId\":4,\"updateBy\":\"\",\"usableColumn\":false},{\"capJavaField\":\"ItemId\",\"columnComment\":\"关联展品ID (用于调取3D模型)\",\"columnId\":45,\"columnName\":\"item_id\",\"columnType\":\"bigint\",\"createBy\":\"admin\",\"createTime\":\"2026-01-31 23:13:06\",\"dictType\":\"\",\"edit\":true,\"htmlType\":\"select\",\"increment\":false,\"insert\":true,\"isEdit\":\"1\",\"isIncrement\":\"0\",\"isInsert\":\"1\",\"isList\":\"1\",\"isPk\":\"0\",\"isQuery\":\"1\",','{\"msg\":\"操作成功\",\"code\":200}',0,NULL,'2026-01-31 23:21:31',80),(281,'代码生成',8,'com.ruoyi.generator.controller.GenController.batchGenCode()','GET',1,'admin','研发部门','/tool/gen/batchGenCode','127.0.0.1','内网IP','{\"tables\":\"heritage_audio\"}',NULL,0,NULL,'2026-01-31 23:21:37',334),(282,'音频档案',1,'com.ruoyi.heritage.controller.HeritageAudioController.add()','POST',1,'admin','研发部门','/heritage/audio','127.0.0.1','内网IP','{\"audioId\":1,\"audioUrl\":\"/profile/upload/2026/02/01/晓晴 - 白族三道茶_L_20260201001023A001.ogg\",\"createBy\":\"admin\",\"createTime\":\"2026-02-01 00:14:34\",\"description\":\"白族三道茶 - 晓晴 (张兴萍)\\n词：晓晴\\n曲：晓晴\\n\\n云南白家三道茶\\n历史悠悠茶文化\\n头苦二甜三回味\\n美好祝愿孕茶中\\n\\n云南白家三道茶\\n求学经商论婚嫁\\n迎宾喜庆不可少\\n待客交友礼仪到\\n\\n白水烧开砂罐烤\\n茶叶放入罐中烧\\n色如琥珀扑鼻香\\n半杯苦茶腹中藏\\n\\n红糖乳山和桂皮\\n茶汤煮好八分满\\n酸甜苦辣味俱全\\n先苦后甜是人间\\n\\n白水烧开砂罐烤\\n茶叶放入罐中烧\\n色如琥珀扑鼻香\\n半杯苦茶腹中藏\\n\\n红糖乳山和桂皮\\n茶汤煮好八分满\\n酸甜苦辣味俱全\\n先苦后甜是人间\",\"itemId\":6,\"params\":{},\"status\":\"0\",\"title\":\"白族三道茶\"} ','{\"msg\":\"操作成功\",\"code\":200}',0,NULL,'2026-02-01 00:14:34',53),(283,'菜单管理',2,'com.ruoyi.web.controller.system.SysMenuController.edit()','PUT',1,'admin','研发部门','/system/menu','127.0.0.1','内网IP','{\"children\":[],\"component\":\"heritage/audio/index\",\"createTime\":\"2026-01-31 23:23:31\",\"icon\":\"clipboard\",\"isCache\":\"0\",\"isFrame\":\"1\",\"menuId\":2039,\"menuName\":\"音频档案\",\"menuType\":\"C\",\"orderNum\":1,\"params\":{},\"parentId\":2013,\"path\":\"audio\",\"perms\":\"heritage:audio:list\",\"routeName\":\"\",\"status\":\"0\",\"updateBy\":\"admin\",\"visible\":\"0\"} ','{\"msg\":\"操作成功\",\"code\":200}',0,NULL,'2026-02-01 00:27:05',37),(284,'菜单管理',1,'com.ruoyi.web.controller.system.SysMenuController.add()','POST',1,'admin','研发部门','/system/menu','127.0.0.1','内网IP','{\"children\":[],\"component\":\"display/audio\",\"createBy\":\"admin\",\"icon\":\"online\",\"isCache\":\"0\",\"isFrame\":\"1\",\"menuName\":\"三道余音\",\"menuType\":\"C\",\"orderNum\":3,\"params\":{},\"parentId\":0,\"path\":\"acoustic-view\",\"status\":\"0\",\"visible\":\"0\"} ','{\"msg\":\"操作成功\",\"code\":200}',0,NULL,'2026-02-01 00:35:43',25),(285,'非遗展品',2,'com.ruoyi.heritage.controller.HeritageItemController.edit()','PUT',1,'admin','研发部门','/heritage/heritage_manage','127.0.0.1','内网IP','{\"categoryId\":15,\"coverImage\":\"/profile/upload/2025/12/26/三道茶_20251226170846A007.jpg\",\"craft\":\"<p>三道茶</p>\",\"createBy\":\"admin\",\"createTime\":\"2025-12-26 17:09:15\",\"delFlag\":\"0\",\"description\":\"三道茶\",\"favoriteCount\":1,\"history\":\"<p>三道茶</p>\",\"isCollected\":false,\"isLiked\":true,\"itemId\":6,\"itemName\":\"三道茶\",\"likeCount\":2,\"modelFile\":\"/profile/upload/2026/02/01/book_20260201003710A002.glb\",\"params\":{},\"sortOrder\":1,\"status\":0,\"updateBy\":\"\",\"updateTime\":\"2026-02-01 00:37:11\",\"viewCount\":19} ','{\"msg\":\"操作成功\",\"code\":200}',0,NULL,'2026-02-01 00:37:11',24),(286,'代码生成',6,'com.ruoyi.generator.controller.GenController.importTableSave()','POST',1,'admin','研发部门','/tool/gen/importTable','127.0.0.1','内网IP','{\"tables\":\"heritage_gallery,heritage_gallery_image\"}','{\"msg\":\"操作成功\",\"code\":200}',0,NULL,'2026-02-01 16:16:13',189),(287,'代码生成',2,'com.ruoyi.generator.controller.GenController.editSave()','PUT',1,'admin','研发部门','/tool/gen','127.0.0.1','内网IP','{\"businessName\":\"gallery\",\"className\":\"HeritageGallery\",\"columns\":[{\"capJavaField\":\"GalleryId\",\"columnId\":54,\"columnName\":\"gallery_id\",\"columnType\":\"bigint\",\"createBy\":\"admin\",\"createTime\":\"2026-02-01 16:16:13\",\"dictType\":\"\",\"edit\":false,\"htmlType\":\"input\",\"increment\":true,\"insert\":false,\"isIncrement\":\"1\",\"isInsert\":\"0\",\"isPk\":\"1\",\"isRequired\":\"0\",\"javaField\":\"galleryId\",\"javaType\":\"Long\",\"list\":false,\"params\":{},\"pk\":true,\"query\":false,\"queryType\":\"EQ\",\"required\":false,\"sort\":1,\"superColumn\":false,\"tableId\":5,\"updateBy\":\"\",\"usableColumn\":false},{\"capJavaField\":\"Title\",\"columnComment\":\"图集标题\",\"columnId\":55,\"columnName\":\"title\",\"columnType\":\"varchar(100)\",\"createBy\":\"admin\",\"createTime\":\"2026-02-01 16:16:13\",\"dictType\":\"\",\"edit\":true,\"htmlType\":\"input\",\"increment\":false,\"insert\":true,\"isEdit\":\"1\",\"isIncrement\":\"0\",\"isInsert\":\"1\",\"isList\":\"1\",\"isPk\":\"0\",\"isQuery\":\"1\",\"isRequired\":\"1\",\"javaField\":\"title\",\"javaType\":\"String\",\"list\":true,\"params\":{},\"pk\":false,\"query\":true,\"queryType\":\"LIKE\",\"required\":true,\"sort\":2,\"superColumn\":false,\"tableId\":5,\"updateBy\":\"\",\"usableColumn\":false},{\"capJavaField\":\"CoverUrl\",\"columnComment\":\"封面图\",\"columnId\":56,\"columnName\":\"cover_url\",\"columnType\":\"varchar(500)\",\"createBy\":\"admin\",\"createTime\":\"2026-02-01 16:16:13\",\"dictType\":\"\",\"edit\":true,\"htmlType\":\"imageUpload\",\"increment\":false,\"insert\":true,\"isEdit\":\"1\",\"isIncrement\":\"0\",\"isInsert\":\"1\",\"isList\":\"1\",\"isPk\":\"0\",\"isQuery\":\"0\",\"isRequired\":\"1\",\"javaField\":\"coverUrl\",\"javaType\":\"String\",\"list\":true,\"params\":{},\"pk\":false,\"query\":false,\"queryType\":\"EQ\",\"required\":true,\"sort\":3,\"superColumn\":false,\"tableId\":5,\"updateBy\":\"\",\"usableColumn\":false},{\"capJavaField\":\"Description\",\"columnComment\":\"导语\",\"columnId\":57,\"columnName\":\"description\",\"columnType\":\"text\",\"createBy\":\"admin\",\"createTime\":\"2026-02-01 16:16:13\",\"dictType\":\"\",\"edit\":true,\"htmlType\":\"textarea\",\"increment\":false,\"insert\":true,\"isEdit\":\"1\",\"isIncrement\":\"0\",\"isInsert\":\"1\",\"isList\":\"0\",\"isPk\":\"0\",\"isQuery\":\"0\",\"isRequired\":\"0\",\"ja','{\"msg\":\"操作成功\",\"code\":200}',0,NULL,'2026-02-01 16:21:51',78),(288,'代码生成',2,'com.ruoyi.generator.controller.GenController.editSave()','PUT',1,'admin','研发部门','/tool/gen','127.0.0.1','内网IP','{\"businessName\":\"image\",\"className\":\"HeritageGalleryImage\",\"columns\":[{\"capJavaField\":\"ImageId\",\"columnId\":62,\"columnName\":\"image_id\",\"columnType\":\"bigint\",\"createBy\":\"admin\",\"createTime\":\"2026-02-01 16:16:13\",\"dictType\":\"\",\"edit\":false,\"htmlType\":\"input\",\"increment\":true,\"insert\":false,\"isIncrement\":\"1\",\"isInsert\":\"0\",\"isPk\":\"1\",\"isRequired\":\"0\",\"javaField\":\"imageId\",\"javaType\":\"Long\",\"list\":false,\"params\":{},\"pk\":true,\"query\":false,\"queryType\":\"EQ\",\"required\":false,\"sort\":1,\"superColumn\":false,\"tableId\":6,\"updateBy\":\"\",\"usableColumn\":false},{\"capJavaField\":\"GalleryId\",\"columnComment\":\"关联主表ID\",\"columnId\":63,\"columnName\":\"gallery_id\",\"columnType\":\"bigint\",\"createBy\":\"admin\",\"createTime\":\"2026-02-01 16:16:13\",\"dictType\":\"\",\"edit\":true,\"htmlType\":\"input\",\"increment\":false,\"insert\":true,\"isEdit\":\"1\",\"isIncrement\":\"0\",\"isInsert\":\"1\",\"isList\":\"1\",\"isPk\":\"0\",\"isQuery\":\"1\",\"isRequired\":\"1\",\"javaField\":\"galleryId\",\"javaType\":\"Long\",\"list\":true,\"params\":{},\"pk\":false,\"query\":true,\"queryType\":\"EQ\",\"required\":true,\"sort\":2,\"superColumn\":false,\"tableId\":6,\"updateBy\":\"\",\"usableColumn\":false},{\"capJavaField\":\"ImageUrl\",\"columnComment\":\"图片路径\",\"columnId\":64,\"columnName\":\"image_url\",\"columnType\":\"varchar(500)\",\"createBy\":\"admin\",\"createTime\":\"2026-02-01 16:16:13\",\"dictType\":\"\",\"edit\":true,\"htmlType\":\"imageUpload\",\"increment\":false,\"insert\":true,\"isEdit\":\"1\",\"isIncrement\":\"0\",\"isInsert\":\"1\",\"isList\":\"1\",\"isPk\":\"0\",\"isQuery\":\"0\",\"isRequired\":\"1\",\"javaField\":\"imageUrl\",\"javaType\":\"String\",\"list\":true,\"params\":{},\"pk\":false,\"query\":false,\"queryType\":\"EQ\",\"required\":true,\"sort\":3,\"superColumn\":false,\"tableId\":6,\"updateBy\":\"\",\"usableColumn\":false},{\"capJavaField\":\"Caption\",\"columnComment\":\"图片说明\",\"columnId\":65,\"columnName\":\"caption\",\"columnType\":\"varchar(200)\",\"createBy\":\"admin\",\"createTime\":\"2026-02-01 16:16:13\",\"dictType\":\"\",\"edit\":true,\"htmlType\":\"input\",\"increment\":false,\"insert\":true,\"isEdit\":\"1\",\"isIncrement\":\"0\",\"isInsert\":\"1\",\"isList\":\"1\",\"isPk\":\"0\",\"isQuery\":\"0\",\"isRequired\":\"0\",\"','{\"msg\":\"操作成功\",\"code\":200}',0,NULL,'2026-02-01 16:24:30',44),(289,'代码生成',2,'com.ruoyi.generator.controller.GenController.editSave()','PUT',1,'admin','研发部门','/tool/gen','127.0.0.1','内网IP','{\"businessName\":\"image\",\"className\":\"HeritageGalleryImage\",\"columns\":[{\"capJavaField\":\"ImageId\",\"columnId\":62,\"columnName\":\"image_id\",\"columnType\":\"bigint\",\"createBy\":\"admin\",\"createTime\":\"2026-02-01 16:16:13\",\"dictType\":\"\",\"edit\":false,\"htmlType\":\"input\",\"increment\":true,\"insert\":false,\"isIncrement\":\"1\",\"isInsert\":\"0\",\"isPk\":\"1\",\"isRequired\":\"0\",\"javaField\":\"imageId\",\"javaType\":\"Long\",\"list\":false,\"params\":{},\"pk\":true,\"query\":false,\"queryType\":\"EQ\",\"required\":false,\"sort\":1,\"superColumn\":false,\"tableId\":6,\"updateBy\":\"\",\"updateTime\":\"2026-02-01 16:24:30\",\"usableColumn\":false},{\"capJavaField\":\"GalleryId\",\"columnComment\":\"关联主表ID\",\"columnId\":63,\"columnName\":\"gallery_id\",\"columnType\":\"bigint\",\"createBy\":\"admin\",\"createTime\":\"2026-02-01 16:16:13\",\"dictType\":\"\",\"edit\":true,\"htmlType\":\"input\",\"increment\":false,\"insert\":true,\"isEdit\":\"1\",\"isIncrement\":\"0\",\"isInsert\":\"1\",\"isList\":\"1\",\"isPk\":\"0\",\"isQuery\":\"1\",\"isRequired\":\"1\",\"javaField\":\"galleryId\",\"javaType\":\"Long\",\"list\":true,\"params\":{},\"pk\":false,\"query\":true,\"queryType\":\"EQ\",\"required\":true,\"sort\":2,\"superColumn\":false,\"tableId\":6,\"updateBy\":\"\",\"updateTime\":\"2026-02-01 16:24:30\",\"usableColumn\":false},{\"capJavaField\":\"ImageUrl\",\"columnComment\":\"图片路径\",\"columnId\":64,\"columnName\":\"image_url\",\"columnType\":\"varchar(500)\",\"createBy\":\"admin\",\"createTime\":\"2026-02-01 16:16:13\",\"dictType\":\"\",\"edit\":true,\"htmlType\":\"imageUpload\",\"increment\":false,\"insert\":true,\"isEdit\":\"1\",\"isIncrement\":\"0\",\"isInsert\":\"1\",\"isList\":\"1\",\"isPk\":\"0\",\"isQuery\":\"0\",\"isRequired\":\"1\",\"javaField\":\"imageUrl\",\"javaType\":\"String\",\"list\":true,\"params\":{},\"pk\":false,\"query\":false,\"queryType\":\"EQ\",\"required\":true,\"sort\":3,\"superColumn\":false,\"tableId\":6,\"updateBy\":\"\",\"updateTime\":\"2026-02-01 16:24:30\",\"usableColumn\":false},{\"capJavaField\":\"Caption\",\"columnComment\":\"图片说明\",\"columnId\":65,\"columnName\":\"caption\",\"columnType\":\"varchar(200)\",\"createBy\":\"admin\",\"createTime\":\"2026-02-01 16:16:13\",\"dictType\":\"\",\"edit\":true,\"htmlType\":\"input\",\"increment\":false,\"insert\":tr','{\"msg\":\"操作成功\",\"code\":200}',0,NULL,'2026-02-01 16:26:58',52),(290,'代码生成',8,'com.ruoyi.generator.controller.GenController.batchGenCode()','GET',1,'admin','研发部门','/tool/gen/batchGenCode','127.0.0.1','内网IP','{\"tables\":\"heritage_gallery\"}',NULL,0,NULL,'2026-02-01 16:27:03',333),(291,'图集管理',1,'com.ruoyi.heritage.controller.HeritageGalleryController.add()','POST',1,'admin','研发部门','/heritage/gallery','127.0.0.1','内网IP','{\"coverUrl\":\"/profile/upload/2026/02/01/book_20260201165300A001.png\",\"createTime\":\"2026-02-01 16:58:55\",\"delFlag\":\"test\",\"description\":\"test\",\"heritageGalleryImageList\":[{\"caption\":\"1\",\"imageUrl\":\"/profile/upload/2026/02/01/服饰01_20260201165833A002.jpg\",\"params\":{}},{\"caption\":\"2\",\"imageUrl\":\"/profile/upload/2026/02/01/建筑03_20260201165841A003.jpg\",\"params\":{}},{\"caption\":\"3\",\"imageUrl\":\"/profile/upload/2026/02/01/建筑04_20260201165850A004.jpg\",\"params\":{}}],\"params\":{},\"status\":\"0\",\"title\":\"test\"} ',NULL,1,'\r\n### Error updating database.  Cause: com.mysql.cj.jdbc.exceptions.MysqlDataTruncation: Data truncation: Data too long for column \'del_flag\' at row 1\r\n### The error may exist in file [E:\\Works\\exhibition\\RuoYi-Vue-master\\ruoyi-admin\\target\\classes\\mapper\\heritage\\HeritageGalleryMapper.xml]\r\n### The error may involve com.ruoyi.heritage.mapper.HeritageGalleryMapper.insertHeritageGallery-Inline\r\n### The error occurred while setting parameters\r\n### SQL: insert into heritage_gallery          ( title,             cover_url,             description,             status,             del_flag,                          create_time )           values ( ?,             ?,             ?,             ?,             ?,                          ? )\r\n### Cause: com.mysql.cj.jdbc.exceptions.MysqlDataTruncation: Data truncation: Data too long for column \'del_flag\' at row 1\n; Data truncation: Data too long for column \'del_flag\' at row 1; nested exception is com.mysql.cj.jdbc.exceptions.MysqlDataTruncation: Data truncation: Data too long for column \'del_flag\' at row 1','2026-02-01 16:58:55',252),(292,'图集管理',1,'com.ruoyi.heritage.controller.HeritageGalleryController.add()','POST',1,'admin','研发部门','/heritage/gallery','127.0.0.1','内网IP','{\"coverUrl\":\"/profile/upload/2026/02/01/book_20260201170409A005.png\",\"createTime\":\"2026-02-01 17:04:41\",\"description\":\"test\",\"galleryId\":1,\"heritageGalleryImageList\":[{\"caption\":\"1\",\"galleryId\":1,\"imageUrl\":\"/profile/upload/2026/02/01/服饰01_20260201170422A006.jpg\",\"params\":{}},{\"caption\":\"2\",\"galleryId\":1,\"imageUrl\":\"/profile/upload/2026/02/01/建筑03_20260201170431A007.jpg\",\"params\":{}},{\"caption\":\"3\",\"galleryId\":1,\"imageUrl\":\"/profile/upload/2026/02/01/建筑05_20260201170438A008.png\",\"params\":{}}],\"params\":{},\"status\":\"0\",\"title\":\"test\"} ','{\"msg\":\"操作成功\",\"code\":200}',0,NULL,'2026-02-01 17:04:41',35),(293,'菜单管理',2,'com.ruoyi.web.controller.system.SysMenuController.edit()','PUT',1,'admin','研发部门','/system/menu','127.0.0.1','内网IP','{\"children\":[],\"component\":\"heritage/gallery/index\",\"createTime\":\"2026-02-01 16:28:26\",\"icon\":\"education\",\"isCache\":\"0\",\"isFrame\":\"1\",\"menuId\":2046,\"menuName\":\"图集管理\",\"menuType\":\"C\",\"orderNum\":1,\"params\":{},\"parentId\":2013,\"path\":\"gallery\",\"perms\":\"heritage:gallery:list\",\"routeName\":\"\",\"status\":\"0\",\"updateBy\":\"admin\",\"visible\":\"0\"} ','{\"msg\":\"操作成功\",\"code\":200}',0,NULL,'2026-03-24 22:10:20',43);
/*!40000 ALTER TABLE `sys_oper_log` ENABLE KEYS */;
UNLOCK TABLES;

--
-- Table structure for table `sys_post`
--

DROP TABLE IF EXISTS `sys_post`;
/*!40101 SET @saved_cs_client     = @@character_set_client */;
/*!50503 SET character_set_client = utf8mb4 */;
CREATE TABLE `sys_post` (
  `post_id` bigint NOT NULL AUTO_INCREMENT COMMENT '岗位ID',
  `post_code` varchar(64) NOT NULL COMMENT '岗位编码',
  `post_name` varchar(50) NOT NULL COMMENT '岗位名称',
  `post_sort` int NOT NULL COMMENT '显示顺序',
  `status` char(1) NOT NULL COMMENT '状态（0正常 1停用）',
  `create_by` varchar(64) DEFAULT '' COMMENT '创建者',
  `create_time` datetime DEFAULT NULL COMMENT '创建时间',
  `update_by` varchar(64) DEFAULT '' COMMENT '更新者',
  `update_time` datetime DEFAULT NULL COMMENT '更新时间',
  `remark` varchar(500) DEFAULT NULL COMMENT '备注',
  PRIMARY KEY (`post_id`)
) ENGINE=InnoDB AUTO_INCREMENT=5 DEFAULT CHARSET=utf8mb4 COLLATE=utf8mb4_0900_ai_ci COMMENT='岗位信息表';
/*!40101 SET character_set_client = @saved_cs_client */;

--
-- Dumping data for table `sys_post`
--

LOCK TABLES `sys_post` WRITE;
/*!40000 ALTER TABLE `sys_post` DISABLE KEYS */;
INSERT INTO `sys_post` VALUES (1,'ceo','董事长',1,'0','admin','2025-12-24 23:39:31','',NULL,''),(2,'se','项目经理',2,'0','admin','2025-12-24 23:39:31','',NULL,''),(3,'hr','人力资源',3,'0','admin','2025-12-24 23:39:31','',NULL,''),(4,'user','普通员工',4,'0','admin','2025-12-24 23:39:31','',NULL,'');
/*!40000 ALTER TABLE `sys_post` ENABLE KEYS */;
UNLOCK TABLES;

--
-- Table structure for table `sys_role`
--

DROP TABLE IF EXISTS `sys_role`;
/*!40101 SET @saved_cs_client     = @@character_set_client */;
/*!50503 SET character_set_client = utf8mb4 */;
CREATE TABLE `sys_role` (
  `role_id` bigint NOT NULL AUTO_INCREMENT COMMENT '角色ID',
  `role_name` varchar(30) NOT NULL COMMENT '角色名称',
  `role_key` varchar(100) NOT NULL COMMENT '角色权限字符串',
  `role_sort` int NOT NULL COMMENT '显示顺序',
  `data_scope` char(1) DEFAULT '1' COMMENT '数据范围（1：全部数据权限 2：自定数据权限 3：本部门数据权限 4：本部门及以下数据权限）',
  `menu_check_strictly` tinyint(1) DEFAULT '1' COMMENT '菜单树选择项是否关联显示',
  `dept_check_strictly` tinyint(1) DEFAULT '1' COMMENT '部门树选择项是否关联显示',
  `status` char(1) NOT NULL COMMENT '角色状态（0正常 1停用）',
  `del_flag` char(1) DEFAULT '0' COMMENT '删除标志（0代表存在 2代表删除）',
  `create_by` varchar(64) DEFAULT '' COMMENT '创建者',
  `create_time` datetime DEFAULT NULL COMMENT '创建时间',
  `update_by` varchar(64) DEFAULT '' COMMENT '更新者',
  `update_time` datetime DEFAULT NULL COMMENT '更新时间',
  `remark` varchar(500) DEFAULT NULL COMMENT '备注',
  PRIMARY KEY (`role_id`)
) ENGINE=InnoDB AUTO_INCREMENT=100 DEFAULT CHARSET=utf8mb4 COLLATE=utf8mb4_0900_ai_ci COMMENT='角色信息表';
/*!40101 SET character_set_client = @saved_cs_client */;

--
-- Dumping data for table `sys_role`
--

LOCK TABLES `sys_role` WRITE;
/*!40000 ALTER TABLE `sys_role` DISABLE KEYS */;
INSERT INTO `sys_role` VALUES (1,'超级管理员','admin',1,'1',1,1,'0','0','admin','2025-12-24 23:39:31','',NULL,'超级管理员'),(2,'普通角色','common',2,'2',1,1,'0','0','admin','2025-12-24 23:39:31','admin','2026-01-03 16:54:53','普通角色');
/*!40000 ALTER TABLE `sys_role` ENABLE KEYS */;
UNLOCK TABLES;

--
-- Table structure for table `sys_role_dept`
--

DROP TABLE IF EXISTS `sys_role_dept`;
/*!40101 SET @saved_cs_client     = @@character_set_client */;
/*!50503 SET character_set_client = utf8mb4 */;
CREATE TABLE `sys_role_dept` (
  `role_id` bigint NOT NULL COMMENT '角色ID',
  `dept_id` bigint NOT NULL COMMENT '部门ID',
  PRIMARY KEY (`role_id`,`dept_id`)
) ENGINE=InnoDB DEFAULT CHARSET=utf8mb4 COLLATE=utf8mb4_0900_ai_ci COMMENT='角色和部门关联表';
/*!40101 SET character_set_client = @saved_cs_client */;

--
-- Dumping data for table `sys_role_dept`
--

LOCK TABLES `sys_role_dept` WRITE;
/*!40000 ALTER TABLE `sys_role_dept` DISABLE KEYS */;
INSERT INTO `sys_role_dept` VALUES (2,100),(2,101),(2,105);
/*!40000 ALTER TABLE `sys_role_dept` ENABLE KEYS */;
UNLOCK TABLES;

--
-- Table structure for table `sys_role_menu`
--

DROP TABLE IF EXISTS `sys_role_menu`;
/*!40101 SET @saved_cs_client     = @@character_set_client */;
/*!50503 SET character_set_client = utf8mb4 */;
CREATE TABLE `sys_role_menu` (
  `role_id` bigint NOT NULL COMMENT '角色ID',
  `menu_id` bigint NOT NULL COMMENT '菜单ID',
  PRIMARY KEY (`role_id`,`menu_id`)
) ENGINE=InnoDB DEFAULT CHARSET=utf8mb4 COLLATE=utf8mb4_0900_ai_ci COMMENT='角色和菜单关联表';
/*!40101 SET character_set_client = @saved_cs_client */;

--
-- Dumping data for table `sys_role_menu`
--

LOCK TABLES `sys_role_menu` WRITE;
/*!40000 ALTER TABLE `sys_role_menu` DISABLE KEYS */;
INSERT INTO `sys_role_menu` VALUES (2,2026),(2,2027),(2,2028),(2,2029),(2,2030),(2,2037);
/*!40000 ALTER TABLE `sys_role_menu` ENABLE KEYS */;
UNLOCK TABLES;

--
-- Table structure for table `sys_user`
--

DROP TABLE IF EXISTS `sys_user`;
/*!40101 SET @saved_cs_client     = @@character_set_client */;
/*!50503 SET character_set_client = utf8mb4 */;
CREATE TABLE `sys_user` (
  `user_id` bigint NOT NULL AUTO_INCREMENT COMMENT '用户ID',
  `dept_id` bigint DEFAULT NULL COMMENT '部门ID',
  `user_name` varchar(30) NOT NULL COMMENT '用户账号',
  `nick_name` varchar(30) NOT NULL COMMENT '用户昵称',
  `user_type` varchar(2) DEFAULT '00' COMMENT '用户类型（00系统用户）',
  `email` varchar(50) DEFAULT '' COMMENT '用户邮箱',
  `phonenumber` varchar(11) DEFAULT '' COMMENT '手机号码',
  `sex` char(1) DEFAULT '0' COMMENT '用户性别（0男 1女 2未知）',
  `avatar` varchar(100) DEFAULT '' COMMENT '头像地址',
  `password` varchar(100) DEFAULT '' COMMENT '密码',
  `status` char(1) DEFAULT '0' COMMENT '账号状态（0正常 1停用）',
  `del_flag` char(1) DEFAULT '0' COMMENT '删除标志（0代表存在 2代表删除）',
  `login_ip` varchar(128) DEFAULT '' COMMENT '最后登录IP',
  `login_date` datetime DEFAULT NULL COMMENT '最后登录时间',
  `pwd_update_date` datetime DEFAULT NULL COMMENT '密码最后更新时间',
  `create_by` varchar(64) DEFAULT '' COMMENT '创建者',
  `create_time` datetime DEFAULT NULL COMMENT '创建时间',
  `update_by` varchar(64) DEFAULT '' COMMENT '更新者',
  `update_time` datetime DEFAULT NULL COMMENT '更新时间',
  `remark` varchar(500) DEFAULT NULL COMMENT '备注',
  PRIMARY KEY (`user_id`)
) ENGINE=InnoDB AUTO_INCREMENT=101 DEFAULT CHARSET=utf8mb4 COLLATE=utf8mb4_0900_ai_ci COMMENT='用户信息表';
/*!40101 SET character_set_client = @saved_cs_client */;

--
-- Dumping data for table `sys_user`
--

LOCK TABLES `sys_user` WRITE;
/*!40000 ALTER TABLE `sys_user` DISABLE KEYS */;
INSERT INTO `sys_user` VALUES (1,103,'admin','rcpawn','00','rcpawn@163.com','15888888888','0','/profile/avatar/2025/12/29/14a578f86b94414b8c698f45a97ab80a.png','$2a$10$7JB720yubVSZvUI0rEqK/.VqGOZTH.ulu33dHOiBE8ByOhJIrdAu2','0','0','127.0.0.1','2026-03-30 10:42:22','2025-12-24 23:39:31','admin','2025-12-24 23:39:31','','2025-12-29 15:33:03','管理员'),(2,105,'ry','若依','00','ry@qq.com','15666666666','1','','$2a$10$7JB720yubVSZvUI0rEqK/.VqGOZTH.ulu33dHOiBE8ByOhJIrdAu2','0','0','127.0.0.1','2025-12-24 23:39:31','2025-12-24 23:39:31','admin','2025-12-24 23:39:31','',NULL,'测试员'),(100,NULL,'user','user','00','user@163.com','15888888888','0','/profile/avatar/2026/01/03/2cecb67119ca4395b2f948da982b85ec.png','$2a$10$WbXPe8MtBIVLA16JWXtFPeIG3s0DiyQMhbVgVD9qwKEJGNFi3CcEy','0','0','127.0.0.1','2026-03-30 10:07:36','2026-01-03 21:21:20','','2026-01-03 16:29:45','admin','2026-01-03 21:21:20',NULL);
/*!40000 ALTER TABLE `sys_user` ENABLE KEYS */;
UNLOCK TABLES;

--
-- Table structure for table `sys_user_post`
--

DROP TABLE IF EXISTS `sys_user_post`;
/*!40101 SET @saved_cs_client     = @@character_set_client */;
/*!50503 SET character_set_client = utf8mb4 */;
CREATE TABLE `sys_user_post` (
  `user_id` bigint NOT NULL COMMENT '用户ID',
  `post_id` bigint NOT NULL COMMENT '岗位ID',
  PRIMARY KEY (`user_id`,`post_id`)
) ENGINE=InnoDB DEFAULT CHARSET=utf8mb4 COLLATE=utf8mb4_0900_ai_ci COMMENT='用户与岗位关联表';
/*!40101 SET character_set_client = @saved_cs_client */;

--
-- Dumping data for table `sys_user_post`
--

LOCK TABLES `sys_user_post` WRITE;
/*!40000 ALTER TABLE `sys_user_post` DISABLE KEYS */;
INSERT INTO `sys_user_post` VALUES (1,1),(2,2);
/*!40000 ALTER TABLE `sys_user_post` ENABLE KEYS */;
UNLOCK TABLES;

--
-- Table structure for table `sys_user_role`
--

DROP TABLE IF EXISTS `sys_user_role`;
/*!40101 SET @saved_cs_client     = @@character_set_client */;
/*!50503 SET character_set_client = utf8mb4 */;
CREATE TABLE `sys_user_role` (
  `user_id` bigint NOT NULL COMMENT '用户ID',
  `role_id` bigint NOT NULL COMMENT '角色ID',
  PRIMARY KEY (`user_id`,`role_id`)
) ENGINE=InnoDB DEFAULT CHARSET=utf8mb4 COLLATE=utf8mb4_0900_ai_ci COMMENT='用户和角色关联表';
/*!40101 SET character_set_client = @saved_cs_client */;

--
-- Dumping data for table `sys_user_role`
--

LOCK TABLES `sys_user_role` WRITE;
/*!40000 ALTER TABLE `sys_user_role` DISABLE KEYS */;
INSERT INTO `sys_user_role` VALUES (1,1),(2,2),(100,2);
/*!40000 ALTER TABLE `sys_user_role` ENABLE KEYS */;
UNLOCK TABLES;
/*!40103 SET TIME_ZONE=@OLD_TIME_ZONE */;

/*!40101 SET SQL_MODE=@OLD_SQL_MODE */;
/*!40014 SET FOREIGN_KEY_CHECKS=@OLD_FOREIGN_KEY_CHECKS */;
/*!40014 SET UNIQUE_CHECKS=@OLD_UNIQUE_CHECKS */;
/*!40101 SET CHARACTER_SET_CLIENT=@OLD_CHARACTER_SET_CLIENT */;
/*!40101 SET CHARACTER_SET_RESULTS=@OLD_CHARACTER_SET_RESULTS */;
/*!40101 SET COLLATION_CONNECTION=@OLD_COLLATION_CONNECTION */;
/*!40111 SET SQL_NOTES=@OLD_SQL_NOTES */;

-- Dump completed on 2026-03-30 11:07:56
